label,filename,wrist_x,wrist_y,wrist_z,thumb_cmc_x,thumb_cmc_y,thumb_cmc_z,thumb_mcp_x,thumb_mcp_y,thumb_mcp_z,thumb_ip_x,thumb_ip_y,thumb_ip_z,thumb_tip_x,thumb_tip_y,thumb_tip_z,indx_fing_mcp_x,indx_fing_mcp_y,indx_fing_mcp_z,indx_fing_pip_x,indx_fing_pip_y,indx_fing_pip_z,indx_fing_dip_x,indx_fing_dip_y,indx_fing_dip_z,indx_fing_tip_x,indx_fing_tip_y,indx_fing_tip_z,middle_fing_mcp_x,middle_fing_mcp_y,middle_fing_mcp_z,middle_fing_pip_x,middle_fing_pip_y,middle_fing_pip_z,middle_fing_dip_x,middle_fing_dip_y,middle_fing_dip_z,middle_fing_tip_x,middle_fing_tip_y,middle_fing_tip_z,ring_fing_mcp_x,ring_fing_mcp_y,ring_fing_mcp_z,ring_fing_pip_x,ring_fing_pip_y,ring_fing_pip_z,ring_fing_dip_x,ring_fing_dip_y,ring_fing_dip_z,ring_fing_tip_x,ring_fing_tip_y,ring_fing_tip_z,pinky_mcp_x,pinky_mcp_y,pinky_mcp_z,pinky_pip_x,pinky_pip_y,pinky_pip_z,pinky_dip_x,pinky_dip_y,pinky_dip_z,pinky_tip_x,pinky_tip_y,pinky_tip_z
rock,00nKV8oHuTGi20gq.png,0.0,0.0,0.0,0.34806182980537415,0.43712273240089417,0.00010667966853361577,1.2196625471115112,0.5922631621360779,0.00013478263281285763,1.4094514846801758,0.4078081548213959,0.00015168201935011894,1.054911732673645,0.28384941816329956,-6.764895806554705e-05,1.3450202941894531,0.21746394038200378,-6.258911162149161e-05,1.179172158241272,0.2661806344985962,-0.0001259445707546547,1.0246034860610962,0.30557548999786377,-0.00017834416939876974,0.9995657801628113,-0.02946692332625389,-0.00014105916488915682,1.236762285232544,-0.028982726857066154,6.140173354651779e-05,1.109126329421997,0.042774297297000885,0.00011633008398348466,0.9717245697975159,0.07142385095357895,5.3532960009761155e-05,0.8937510251998901,-0.29333579540252686,-0.00017398571071680635,1.0747061967849731,-0.23508919775485992,5.5718319345032796e-05,0.9692773818969727,-0.162225142121315,0.00021149472740944475,0.8372137546539307,-0.14145351946353912,0.00020400236826390028,0.7701411843299866,-0.5081652998924255,-0.00020034483168274164,0.9250191450119019,-0.4134756028652191,2.1354895579861477e-05,0.820020318031311,-0.35860735177993774,0.00027031960780732334,0.7036294341087341,-0.3472992479801178,0.00040670373709872365
rock,01dM3ewPIsnBICu1.png,0.0,0.0,0.0,0.22972579300403595,0.42062562704086304,7.5243238825351e-05,1.011096477508545,0.7266324758529663,0.00015594575961586088,1.2113481760025024,0.5812885165214539,0.0001930680446093902,0.9836324453353882,0.4216417074203491,5.418739601736888e-05,1.1931817531585693,0.38798218965530396,0.0001225011219503358,1.0368701219558716,0.38540351390838623,8.610583608970046e-05,0.8989881277084351,0.3957329988479614,4.303057357901707e-05,0.9912773370742798,0.13179267942905426,4.8618339860695414e-06,1.1232527494430542,0.15305684506893158,0.0002616083947941661,0.9833872318267822,0.18235985934734344,0.000299396546324715,0.850860059261322,0.18741627037525177,0.000238104781601578,0.9304162263870239,-0.1268610954284668,-1.317366877628956e-05,1.005079984664917,-0.07035302370786667,0.00023558895918540657,0.8867869973182678,-0.028331855311989784,0.0003204367239959538,0.7586921453475952,-0.02653714455664158,0.000280311971437186,0.843889057636261,-0.345222145318985,-3.0225139198591933e-05,0.9052292704582214,-0.2622233033180237,0.00017691199900582433,0.7887162566184998,-0.24207912385463715,0.0003521912731230259,0.6817895174026489,-0.23951798677444458,0.0004511909792199731
rock,02vG75hQW9Vp4oTl.png,0.0,0.0,0.0,0.29971370100975037,0.4048618972301483,4.055804311065003e-05,1.128434658050537,0.6058142185211182,4.11783330491744e-05,1.395330786705017,0.5010045170783997,5.015297210775316e-05,1.0299923419952393,0.3834180533885956,-0.00019382238679099828,1.4121887683868408,0.26270848512649536,-0.00036168171209283173,1.260417103767395,0.28589871525764465,-0.00047068134881556034,1.0665794610977173,0.3342054486274719,-0.0004917022888548672,0.9975827932357788,0.06948702037334442,-0.0002649056550581008,1.3269356489181519,0.0009454862447455525,-0.0002491517807357013,1.173114538192749,0.025103241205215454,-0.0002156338596250862,1.005934715270996,0.05394858121871948,-0.00022400036687031388,0.9194422364234924,-0.2243346869945526,-0.000316219637170434,1.2225077152252197,-0.25094500184059143,-0.0002655526914168149,1.0878570079803467,-0.21891100704669952,-6.647485861321911e-05,0.932471513748169,-0.19160591065883636,2.0170560674159788e-05,0.8168065547943115,-0.4841175377368927,-0.0003587720275390893,1.1062710285186768,-0.47442734241485596,-0.00029100911342538893,0.9807663559913635,-0.43752342462539673,-2.2457203158410266e-05,0.8464364409446716,-0.4143902361392975,0.0001799850579118356
rock,0bioBZYFCXqJIulm.png,0.0,0.0,0.0,0.26034560799598694,0.4632604420185089,0.0001633518550079316,1.0193228721618652,0.763421356678009,0.00024049026251304895,1.2508468627929688,0.6630261540412903,0.0002697450399864465,0.9784687161445618,0.4858993887901306,3.30182010657154e-05,1.2634334564208984,0.46680471301078796,8.785093086771667e-05,1.0928016901016235,0.4654456079006195,7.044999074423686e-05,0.9346420764923096,0.4748620390892029,4.712372538051568e-05,0.982192873954773,0.1878751814365387,-5.6357566791120917e-05,1.1823753118515015,0.22397394478321075,0.00017653116083238274,1.0461256504058838,0.24455705285072327,0.0002415237104287371,0.9105264544487,0.24618935585021973,0.0001861768978415057,0.9274608492851257,-0.08378143608570099,-0.0001035930254147388,1.0689184665679932,-8.075669029494748e-05,0.00015009638445917517,0.9610507488250732,0.025858262553811073,0.00030225221416912973,0.8322318196296692,0.020299213007092476,0.0002925708540715277,0.8509410619735718,-0.3189854025840759,-0.00013960494834464043,0.9724313616752625,-0.20230111479759216,0.00010341338929720223,0.8637480735778809,-0.1786808967590332,0.0003497579018585384,0.7484605312347412,-0.18436574935913086,0.0004883401561528444
rock,0NDYNEoDui7o64gU.png,0.0,0.0,0.0,0.11792786419391632,0.5661420822143555,-0.00026376970345154405,0.9729574918746948,0.9915140867233276,-0.0005808142595924437,1.2251756191253662,0.7860321998596191,-0.0006712657632306218,0.8455448150634766,0.7477396130561829,-0.0009417167166247964,1.3556877374649048,0.7146449685096741,-0.0013145350385457277,1.176005482673645,0.7233242988586426,-0.0014937757514417171,0.9618638753890991,0.7416106462478638,-0.0015520614106208086,0.9403692483901978,0.3401540517807007,-0.0009205197566188872,1.344394564628601,0.41482239961624146,-0.0010550636798143387,1.1851215362548828,0.436760276556015,-0.000977394520305097,1.0028852224349976,0.41872745752334595,-0.0009608071995899081,0.9998112320899963,-0.012909295037388802,-0.0008783130324445665,1.2807217836380005,0.10967427492141724,-0.0009055437985807657,1.1438839435577393,0.13139308989048004,-0.0006674519972875714,0.99403315782547,0.11056957393884659,-0.0005596530390903354,1.0227558612823486,-0.3174719512462616,-0.0008521816926077008,1.239844560623169,-0.13176511228084564,-0.0008020809036679566,1.1002975702285767,-0.12664474546909332,-0.0005169195937924087,0.9806631207466125,-0.16812853515148163,-0.0003179144114255905
rock,0OEXfEooCXlljaEl.png,0.0,0.0,0.0,0.3413364887237549,0.4056769609451294,6.760620453860611e-05,1.1737174987792969,0.5019379258155823,7.458335312549025e-05,1.424663782119751,0.3951800763607025,8.97141799214296e-05,1.054112195968628,0.24787172675132751,-0.00016890144615899771,1.3801811933517456,0.19135718047618866,-0.0002453140332363546,1.212524175643921,0.2640567123889923,-0.00030250661075115204,1.0504097938537598,0.3062746524810791,-0.00032330057001672685,0.9988498091697693,-0.047949016094207764,-0.00023126660380512476,1.2522226572036743,-0.0333266444504261,-0.00013808994845021516,1.111433506011963,0.03939123451709747,-8.526341116521508e-05,0.9619801044464111,0.06430757790803909,-0.00010932445002254099,0.8896515369415283,-0.2980806529521942,-0.00026050658198073506,1.0531842708587646,-0.2263692319393158,-0.00010324257891625166,0.9356784820556641,-0.15706628561019897,7.462557550752535e-05,0.8000230193138123,-0.13599857687950134,0.0001103920949390158,0.7615036964416504,-0.501542329788208,-0.0002882743428926915,0.8932496309280396,-0.39858657121658325,-0.00011417148925829679,0.7779242396354675,-0.34634262323379517,0.00012672587763518095,0.6594216227531433,-0.33262115716934204,0.00027862409478984773
rock,0P6uxM8Vr1DwySHe.png,0.0,0.0,0.0,0.2378433346748352,0.4405782222747803,0.0001344450138276443,0.9884607195854187,0.677085816860199,0.0002479811664670706,1.2322330474853516,0.6314535140991211,0.00030207267263904214,0.992296576499939,0.40319958329200745,0.00014978709805291146,1.1987335681915283,0.3962920904159546,0.00022688557510264218,1.0328766107559204,0.400424987077713,0.00020180591673124582,0.8887355327606201,0.40525129437446594,0.0001736019621603191,0.992748498916626,0.12020959705114365,8.713843271834776e-05,1.1062458753585815,0.1672312170267105,0.00034445535857230425,0.966683030128479,0.19619426131248474,0.0003760469553526491,0.8354681730270386,0.1965123862028122,0.0003096428408753127,0.9180744886398315,-0.12652045488357544,5.534831143449992e-05,0.9794453382492065,-0.042100630700588226,0.0002971164940390736,0.8613706231117249,-0.0031544773373752832,0.00037778628757223487,0.7361821532249451,-0.006291504949331284,0.00034064173814840615,0.819678008556366,-0.33200061321258545,3.287283470854163e-05,0.8807533383369446,-0.23397719860076904,0.00023660209262743592,0.7717646956443787,-0.20692996680736542,0.0004117483913432807,0.6690148115158081,-0.20392563939094543,0.000517305510584265
rock,19H63c0MWD56EWNq.png,0.0,0.0,0.0,0.2675023078918457,-0.4372612535953522,5.9880218032049015e-05,1.0621440410614014,-0.8166132569313049,-9.662175216362812e-06,1.2466185092926025,-0.6156079769134521,2.9012313461862504e-05,1.0068875551223755,-0.4405827522277832,-0.00013935771130491048,1.3288699388504028,-0.3545731008052826,-6.339789251796901e-05,1.1729248762130737,-0.3878306448459625,4.989965236745775e-05,1.0198982954025269,-0.4180402457714081,0.0001147165457950905,0.9936525225639343,-0.11249324679374695,-0.00019691369379870594,1.2640584707260132,-0.1299942284822464,5.749323099735193e-05,1.1393250226974487,-0.1743093729019165,0.00027527494239620864,0.9954010844230652,-0.16469918191432953,0.00034598715137690306,0.9425598978996277,0.16841410100460052,-0.00022035842994228005,1.1747245788574219,0.0994066670536995,1.6515561583219096e-05,1.0739094018936157,0.05338439345359802,0.00026890498702414334,0.9340004324913025,0.05422087386250496,0.00035280617885291576,0.8597741723060608,0.41282719373703003,-0.0002328423724975437,1.0701197385787964,0.30287790298461914,1.7073796698241495e-05,0.9715297818183899,0.25698304176330566,0.00031721769482828677,0.8506105542182922,0.2727435231208801,0.000495848769787699
rock,1BqjHe5igJAgUjiN.png,0.0,0.0,0.0,0.32298892736434937,0.3700774312019348,0.0002081600541714579,1.1431187391281128,0.507171094417572,0.0003680028603412211,1.3887736797332764,0.40594813227653503,0.0004405417712405324,1.038090467453003,0.29779741168022156,2.284300899191294e-05,1.320298433303833,0.16250646114349365,0.00017561626737006009,1.1615381240844727,0.16990002989768982,0.0002709604159463197,1.013342261314392,0.2192455530166626,0.0003185554232914001,0.9999317526817322,0.011685472913086414,-5.610700463876128e-05,1.214044451713562,-0.06460937112569809,0.0002403678954578936,1.0838351249694824,-0.04549320414662361,0.00037657658685930073,0.9511880278587341,-0.008077017962932587,0.00036880013067275286,0.9106283187866211,-0.25263407826423645,-7.669461047044024e-05,1.0705434083938599,-0.27310678362846375,0.00023517997760791332,0.9549123048782349,-0.24272534251213074,0.00043601804645732045,0.8260728120803833,-0.2138235718011856,0.0004427817475516349,0.8000384569168091,-0.48420101404190063,-8.007674477994442e-05,0.9406139850616455,-0.45488983392715454,0.0001916622422868386,0.8186216950416565,-0.42409977316856384,0.00045691238483414054,0.7052775621414185,-0.3983246386051178,0.0006035412079654634
rock,1COBZEE1ALiJIivQ.png,0.0,0.0,0.0,0.378264844417572,-0.4330686628818512,0.000165321325766854,1.0575034618377686,-0.3903942406177521,0.00011434265616117045,1.1518487930297852,-0.2054809331893921,0.00011152699153171852,0.9850767254829407,-0.45468997955322266,-0.00015292110037989914,1.4015522003173828,-0.46327468752861023,-0.0002337326732231304,1.2447913885116577,-0.43663671612739563,-0.00015994884597603232,1.052814245223999,-0.4125274419784546,-6.009608841850422e-05,0.9927083253860474,-0.12054038792848587,-0.0003157380560878664,1.3853886127471924,-0.16465018689632416,-0.0002670717076398432,1.2329137325286865,-0.19362710416316986,-0.00013201398542150855,1.0498130321502686,-0.1979237049818039,-3.945282151107676e-05,0.9567689895629883,0.178938090801239,-0.00044313500984571874,1.3196120262145996,0.0764126107096672,-0.0003758160746656358,1.188200831413269,0.02544570341706276,-0.00018230912974104285,1.0162471532821655,0.026298068463802338,-6.662472878815606e-05,0.889849066734314,0.42414745688438416,-0.000550394703168422,1.189713478088379,0.29014813899993896,-0.00043645731057040393,1.1008384227752686,0.22566330432891846,-0.0001659162517171353,0.9573293924331665,0.2305702567100525,4.4477576011558995e-05
rock,1DxbXT3M2qiMjCmC.png,0.0,0.0,0.0,0.2517204284667969,0.5045953392982483,-5.6398373999400064e-05,1.1158242225646973,0.7600831389427185,-0.00017058485536836088,1.4352996349334717,0.7969059348106384,-0.0001946005504578352,0.9812989234924316,0.5274445414543152,-0.0003579676558729261,1.4529365301132202,0.4771728813648224,-0.0005997222033329308,1.2944977283477783,0.5011445879936218,-0.0007042717770673335,1.077691674232483,0.5204261541366577,-0.0007022657082416117,0.983168363571167,0.18270127475261688,-0.00037980638444423676,1.3914152383804321,0.19247561693191528,-0.0004505473771132529,1.224510908126831,0.23485270142555237,-0.0004100901132915169,1.0252912044525146,0.24026979506015778,-0.0004013660363852978,0.939379870891571,-0.12351479381322861,-0.00038706138730049133,1.2830970287322998,-0.07478471845388412,-0.00040040878229774535,1.1409077644348145,-0.02754107303917408,-0.00019280461128801107,0.9633194804191589,-0.01808270812034607,-8.40169086586684e-05,0.8681501150131226,-0.3729003965854645,-0.00039113606908358634,1.153290867805481,-0.29691556096076965,-0.0003754621429834515,1.0246522426605225,-0.257217139005661,-0.0001367919467156753,0.8776220679283142,-0.24879027903079987,5.204498302191496e-05
rock,1e1VCnCEApnFh9Oo.png,0.0,0.0,0.0,0.38915371894836426,0.3818497061729431,0.00010309264325769618,1.218865990638733,0.4279574751853943,0.0001881160424090922,1.4051839113235474,0.24744021892547607,0.00023760838666930795,1.0762789249420166,0.12893010675907135,9.188818512484431e-05,1.3498611450195312,0.07738793641328812,8.987650653580204e-05,1.1813708543777466,0.16509826481342316,1.083886331798567e-06,1.0228466987609863,0.2124556303024292,-5.597020935965702e-05,0.9889319539070129,-0.14836996793746948,3.2633706723572686e-05,1.210020899772644,-0.131998673081398,0.00020917241636198014,1.0863920450210571,-0.046185221523046494,0.0001945153926499188,0.9513314366340637,-0.015665657818317413,0.0001156413636635989,0.8518466949462891,-0.36812424659729004,3.0984087970864493e-06,1.0084229707717896,-0.29905322194099426,0.00022281170822679996,0.9119711518287659,-0.22061431407928467,0.0003246545675210655,0.7839384078979492,-0.1935015767812729,0.00030462152790278196,0.7017157077789307,-0.5433326363563538,-2.2839720259071328e-05,0.8357995748519897,-0.4529622197151184,0.00020277616567909718,0.7412225008010864,-0.3872890770435333,0.0004223723371978849,0.6245490312576294,-0.35741838812828064,0.0005575102404691279
rock,1MOm36DHK0R8OfIC.png,0.0,0.0,0.0,0.2323828935623169,0.30999985337257385,-0.000531424768269062,0.9474039673805237,0.5623102784156799,-0.0007338789873756468,1.2278873920440674,0.6116167306900024,-0.0006513193366117775,0.9355149865150452,-0.1254252791404724,-0.00019736544345505536,1.2990608215332031,0.23005041480064392,-0.0004527744895312935,1.0388587713241577,0.36111125349998474,-0.0005457173101603985,0.821542501449585,0.27147161960601807,-0.0005214514676481485,0.9679437279701233,-0.2511669993400574,2.5321558496216312e-05,1.2625607252120972,0.15599779784679413,-0.0002160838048439473,1.0029525756835938,0.29972395300865173,-0.0003410297795198858,0.8236197233200073,0.2123023271560669,-0.00037169206188991666,0.9571651816368103,-0.2938576936721802,0.00018257045303471386,1.2279382944107056,0.11091236770153046,-7.973187894094735e-05,0.98613041639328,0.22896720468997955,-3.0089853680692613e-05,0.8141639232635498,0.15521016716957092,7.446479139616713e-05,0.9252920150756836,-0.30143746733665466,0.0003046893689315766,1.1477556228637695,0.06193360313773155,0.0001406130031682551,0.9815809726715088,0.14921467006206512,0.00023477846116293222,0.8387460708618164,0.08239178359508514,0.0003535803407430649
rock,1UucZqS3qblvU0cH.png,0.0,0.0,0.0,0.27620410919189453,0.3736574053764343,0.0005119991255924106,1.0471376180648804,0.6820406913757324,0.00074221525574103,1.3230658769607544,0.7194127440452576,0.0008203197503462434,0.9381978511810303,0.5848621129989624,-0.00022124194947537035,1.260970950126648,0.41438257694244385,0.000292921788059175,1.0969765186309814,0.35115697979927063,0.0007866369560360909,0.9705088138580322,0.3777497410774231,0.0010609127348288894,0.955085277557373,0.29633110761642456,-0.0003697180945891887,1.1922922134399414,0.17487148940563202,0.0002517164102755487,1.0474332571029663,0.13022933900356293,0.0006573614082299173,0.9031649827957153,0.14338667690753937,0.000750528706703335,0.9146899580955505,-0.00526268407702446,-0.00036807742435485125,1.0732505321502686,-0.055690422654151917,0.0003022364107891917,0.9282969832420349,-0.0669555515050888,0.000613491574767977,0.7902028560638428,-0.05608341470360756,0.0005639806040562689,0.8663878440856934,-0.2911876142024994,-0.0003120455367024988,0.9707903861999512,-0.2577486038208008,0.00022324209567159414,0.8211818337440491,-0.27112656831741333,0.0005274014547467232,0.7101760506629944,-0.2685835361480713,0.0006129445973783731
rock,1UXuUYJ4rVj2eSvt.png,0.0,0.0,0.0,0.1972908228635788,0.5469103455543518,-0.00017317979654762894,1.154279351234436,0.8594726920127869,-0.0004790455277543515,1.538329005241394,0.9142557382583618,-0.0005461819819174707,0.9461050033569336,0.5733761191368103,-0.0010679919505491853,1.6749876737594604,0.5691056251525879,-0.0014190679648891091,1.6144379377365112,0.6382299065589905,-0.0013962240191176534,1.3782624006271362,0.6581085920333862,-0.0012438191333785653,0.985173761844635,0.17155656218528748,-0.0010247428435832262,1.7120448350906372,0.23648406565189362,-0.001209384179674089,1.5788389444351196,0.344249427318573,-0.0010238811373710632,1.3475087881088257,0.3501364588737488,-0.0008778048795647919,0.9804147481918335,-0.16120608150959015,-0.0009313496411778033,1.6756352186203003,-0.10125820338726044,-0.0010217824019491673,1.5475889444351196,0.03233685344457626,-0.0007049482665024698,1.32350754737854,0.06250780820846558,-0.0004963133251294494,0.9387130737304688,-0.4284583628177643,-0.0008223196491599083,1.5015993118286133,-0.36781951785087585,-0.0009201389038935304,1.4265141487121582,-0.24632854759693146,-0.0006811748608015478,1.2547434568405151,-0.20541365444660187,-0.0004695376264862716
rock,1VoYiUgPE6h45MLu.png,0.0,0.0,0.0,0.30264049768447876,0.520003616809845,7.0479363785125315e-06,1.1079446077346802,0.6292140483856201,4.9940372264245525e-05,1.2980155944824219,0.49903053045272827,0.00015911438094917685,0.9480137825012207,0.31212443113327026,-0.00021782111434731632,1.345206379890442,0.5300413966178894,-0.0003443000896368176,1.1260526180267334,0.5996058583259583,-0.00037950644036754966,0.9342237710952759,0.5706077218055725,-0.0003463595930952579,0.9999983906745911,0.0017851676093414426,-0.00019061766215600073,1.3153600692749023,0.2932233512401581,-8.277194865513593e-05,1.131451964378357,0.3733544945716858,3.2400941563537344e-05,0.9789527058601379,0.32648220658302307,7.206079317256808e-05,0.9822866320610046,-0.2138805091381073,-0.00014302245108410716,1.2271078824996948,0.09186840057373047,5.581285586231388e-05,1.0799665451049805,0.1662602573633194,0.0002637295692693442,0.9459633231163025,0.11283839493989944,0.0003280006640125066,0.933647096157074,-0.3494337201118469,-9.678583592176437e-05,1.1211895942687988,-0.08146770298480988,0.00013264270091895014,1.001008152961731,-0.021896062418818474,0.0003848612541332841,0.8887295722961426,-0.06810277700424194,0.000533007550984621
rock,1vvcitV1s17gKdbn.png,0.0,0.0,0.0,0.39478790760040283,-0.4299270510673523,0.0004336438432801515,1.0603783130645752,-0.488687664270401,0.0006231198203749955,1.1729248762130737,-0.32897722721099854,0.000704533071257174,0.999714195728302,-0.44233566522598267,0.0001187651141663082,1.321794033050537,-0.39203956723213196,0.0003569758264347911,1.1588149070739746,-0.3909733295440674,0.0005907835438847542,0.9971307516098022,-0.4007720351219177,0.000740103074349463,0.9928914308547974,-0.11902327090501785,-5.8102676121052355e-05,1.2547380924224854,-0.1387939602136612,0.00036028525209985673,1.1192340850830078,-0.16707782447338104,0.0006013420643284917,0.9587903022766113,-0.1658763736486435,0.0006599313928745687,0.9417908191680908,0.17549178004264832,-0.00015315806376747787,1.1457587480545044,0.08095207810401917,0.0002805888943839818,1.0370428562164307,0.049330346286296844,0.0005075014196336269,0.8869693279266357,0.055231887847185135,0.0005228358786553144,0.8736686706542969,0.4177585244178772,-0.0002059852849924937,1.0951597690582275,0.29403185844421387,0.0002094751107506454,0.9991421699523926,0.25877758860588074,0.0005506210145540535,0.8687387108802795,0.27794134616851807,0.0007276562973856926
rock,1wk2Hl1Ih9guOwx6.png,0.0,0.0,0.0,0.2772756814956665,0.40786802768707275,0.00017297064187005162,1.058763027191162,0.6043018102645874,0.0003133642312604934,1.2635084390640259,0.4842463433742523,0.0003673630126286298,1.0163800716400146,0.34961605072021484,0.0001067219054675661,1.2522568702697754,0.27296534180641174,0.00021048131748102605,1.1046651601791382,0.2748525142669678,0.00021983626356814057,0.9626246690750122,0.30110880732536316,0.00020545745792333037,0.9979887008666992,0.06339136511087418,2.0986481104046106e-05,1.1532223224639893,0.0391487255692482,0.0003030537918675691,1.0185145139694214,0.0683489665389061,0.0003812515933532268,0.8857842087745667,0.09574747085571289,0.00033711892319843173,0.9107627272605896,-0.1902725100517273,-2.4068160200840794e-05,1.0038963556289673,-0.1712999790906906,0.00023500819224864244,0.8909459114074707,-0.1311672329902649,0.0003458138962741941,0.7648850083351135,-0.1134725958108902,0.00031486034276895225,0.8003732562065125,-0.4076084792613983,-5.6086671975208446e-05,0.8851063251495361,-0.35808855295181274,0.00016506982501596212,0.7730414867401123,-0.33045950531959534,0.00036314543103799224,0.6679587364196777,-0.3120533227920532,0.00047273034579120576
rock,1WuMUpzupKs67q29.png,0.0,0.0,0.0,0.27140742540359497,0.45800697803497314,0.00010314310202375054,1.0793195962905884,0.6647849678993225,0.00020352707360871136,1.3299474716186523,0.5732885003089905,0.00025547173572704196,1.0116513967514038,0.4023343622684479,2.4427095922874287e-05,1.3120182752609253,0.35072562098503113,3.811930218944326e-05,1.150527834892273,0.3866967260837555,2.2076990717323497e-05,0.9797068238258362,0.4086397886276245,2.147960003640037e-05,0.9950599074363708,0.0992765724658966,-3.1200364901451394e-05,1.2251211404800415,0.11622004210948944,0.00014309652033261955,1.0827356576919556,0.16530585289001465,0.0001874343870440498,0.9309020638465881,0.17664439976215363,0.0001486708497395739,0.917988657951355,-0.16539043188095093,-5.7305351219838485e-05,1.076103925704956,-0.10162399709224701,0.00013822362234350294,0.9621621370315552,-0.047203317284584045,0.00026193915982730687,0.8275725841522217,-0.04044986143708229,0.0002600965090095997,0.8133093118667603,-0.3937224745750427,-7.524287502747029e-05,0.9432904720306396,-0.29801249504089355,0.00011445463314885274,0.8317350745201111,-0.25391528010368347,0.0003179782070219517,0.7156205177307129,-0.24432268738746643,0.00044318786240182817
rock,2affjOmZChc9AXpR.png,0.0,0.0,0.0,0.2857619524002075,0.46501874923706055,0.00016671500634402037,1.0742627382278442,0.7179059386253357,0.00030006151064299047,1.3236666917800903,0.6537260413169861,0.00036891692434437573,0.9954915046691895,0.4479638934135437,8.081256237346679e-05,1.3024117946624756,0.39719074964523315,0.0001553157635498792,1.1411116123199463,0.4038863182067871,0.00018300962983630598,0.9825524091720581,0.4203680455684662,0.00020527573360595852,0.9898156523704529,0.14235547184944153,1.8826514860847965e-05,1.2043861150741577,0.1525806039571762,0.00026236128178425133,1.0669409036636353,0.18324153125286102,0.0003446000046096742,0.9288812279701233,0.1994471400976181,0.00031177367782220244,0.9244757890701294,-0.12842710316181183,-4.497864665609086e-06,1.0626691579818726,-0.059544362127780914,0.00025475455913692713,0.9479113221168518,-0.018356701359152794,0.0003904106270056218,0.8203552961349487,-0.013960489071905613,0.0003764323773793876,0.8360060453414917,-0.3650370240211487,-1.3936814866610803e-05,0.9551991820335388,-0.26666173338890076,0.00022480789630208164,0.8396109342575073,-0.23899000883102417,0.00044555903878062963,0.7280721664428711,-0.23606304824352264,0.0005708794924430549
rock,2DdERUV7Te8ivywq.png,0.0,0.0,0.0,0.2160855233669281,0.4629240036010742,-3.902406751876697e-05,1.0000319480895996,0.7589209079742432,-6.959072925383225e-05,1.1625893115997314,0.5449124574661255,-7.656787784071639e-05,0.9346138834953308,0.4945741891860962,-0.00017152854707092047,1.110534906387329,0.4623509645462036,-0.00023250830417964607,0.9407505989074707,0.44183799624443054,-0.00036007887683808804,0.7837879657745361,0.44948819279670715,-0.00046194999595172703,0.9813699722290039,0.19212740659713745,-0.00020184619643259794,1.0086908340454102,0.18273323774337769,-6.960269092814997e-05,0.8575857877731323,0.1906569004058838,-9.50010507949628e-05,0.7347990274429321,0.19961945712566376,-0.000197585133719258,0.9472017288208008,-0.07712545990943909,-0.00020506120927166194,0.93682861328125,-0.053869862109422684,-8.862413960741833e-05,0.8129430413246155,-0.03406567871570587,-4.321906453697011e-05,0.6929103136062622,-0.018590062856674194,-8.976627577794716e-05,0.882697343826294,-0.3128184378147125,-0.00021024889429099858,0.8927881121635437,-0.2662869393825531,-9.95442460407503e-05,0.7713098526000977,-0.25649675726890564,5.2192644943716004e-05,0.6701257824897766,-0.25219476222991943,0.00015189724217634648
rock,2EAkMCm7ZLnNoBQ7.png,0.0,0.0,0.0,0.2723815143108368,0.4539138674736023,1.109040567826014e-05,1.088809847831726,0.6271053552627563,6.991971895331517e-05,1.3603026866912842,0.6403478384017944,0.000137399067170918,1.0203955173492432,0.34179478883743286,-7.667560566915199e-05,1.3354030847549438,0.3093681037425995,-8.322538633365184e-05,1.1718827486038208,0.36239272356033325,-0.00010635136277414858,1.0065209865570068,0.3843326270580292,-0.00010856601147679612,0.9995760321617126,0.02911532111465931,-7.267888577189296e-05,1.2534664869308472,0.06069623678922653,0.00010764534818008542,1.1058038473129272,0.11488480865955353,0.00017945407307706773,0.9659649133682251,0.12268883734941483,0.00016166026762221009,0.9253749251365662,-0.24830596148967743,-4.820312460651621e-05,1.159348726272583,-0.17606401443481445,0.000137579336296767,1.0377542972564697,-0.13333187997341156,0.00029006495606154203,0.8937931060791016,-0.13366658985614777,0.00031298294197767973,0.8330370187759399,-0.4804253876209259,-1.721741682558786e-05,1.0886939764022827,-0.40753594040870667,0.00015560876636300236,0.9802968502044678,-0.36632007360458374,0.0003923596814274788,0.8469052910804749,-0.36511021852493286,0.00054874800844118
rock,2f25VA1nfxiC86xj.png,0.0,0.0,0.0,0.2423737645149231,0.5192503929138184,1.4464775631495286e-05,1.0596494674682617,0.8273282051086426,-1.22679409741977e-06,1.3055894374847412,0.7136275172233582,2.2485069166577887e-06,0.9861711859703064,0.4654999375343323,-0.0001270908978767693,1.3041908740997314,0.48421624302864075,-0.00025163553073070943,1.1255282163619995,0.5123462080955505,-0.0003789854235947132,0.9492293000221252,0.5146377086639404,-0.0004481588548514992,0.9895668029785156,0.14407488703727722,-0.00017874615150503814,1.2340328693389893,0.2273935079574585,-9.8465483461041e-05,1.083644151687622,0.2731640636920929,-6.848918565083295e-05,0.9335522055625916,0.2728484869003296,-0.00012138221791246906,0.9324973821640015,-0.13534246385097504,-0.00021547038340941072,1.0899968147277832,-0.003606894053518772,-0.00010005842341342941,0.9737587571144104,0.04050552099943161,4.9647223931970075e-05,0.8415795564651489,0.030985310673713684,6.921253952896222e-05,0.849406898021698,-0.3710867464542389,-0.00025445056962780654,0.9741274118423462,-0.22417540848255157,-0.00011813718447228894,0.8591163754463196,-0.18965157866477966,0.00010587094584479928,0.7402756214141846,-0.1993652880191803,0.00024348367878701538
rock,2HSPQEteONUjEXAF.png,0.0,0.0,0.0,0.3009694516658783,-0.3784606158733368,0.0003450324875302613,0.8289045095443726,-0.3785790503025055,0.0006413531955331564,0.8892483115196228,-0.19064649939537048,0.0007702960865572095,0.9412702322006226,-0.4806082844734192,0.00040637681377120316,0.9645922780036926,-0.3381367325782776,0.0007047003600746393,0.824165403842926,-0.294700026512146,0.0007961785304360092,0.7184661626815796,-0.3088327944278717,0.0008046492584981024,0.9772711992263794,-0.2119925618171692,0.00027960052830167115,0.9491499066352844,-0.1201828196644783,0.0007483797380700707,0.8061848282814026,-0.10576005280017853,0.0007997974753379822,0.6878436207771301,-0.11800948530435562,0.0007236602832563221,0.9341830015182495,0.05909532681107521,0.00021344480046536773,0.9053853750228882,0.06884076446294785,0.0006469367071986198,0.7804398536682129,0.06455859541893005,0.0006884569302201271,0.6577908992767334,0.053413186222314835,0.0005957852699793875,0.8501115441322327,0.29425927996635437,0.00017501019465271384,0.8387855291366577,0.24162039160728455,0.0005631353706121445,0.7313545942306519,0.22205542027950287,0.0007720530848018825,0.6314008831977844,0.20875021815299988,0.0008731261477805674
rock,2j9iOcnxJzcyaFB5.png,0.0,0.0,0.0,0.40738868713378906,0.31683847308158875,7.707823533564806e-05,1.2423102855682373,0.27451369166374207,0.00016092626901809126,1.481261968612671,0.13125796616077423,0.0002106062602251768,1.0761762857437134,0.03991389274597168,6.872336234664544e-05,1.3306233882904053,-0.09878820925951004,0.00011849549628095701,1.1955058574676514,-0.02647472359240055,9.268549911212176e-05,1.065412998199463,0.04829851910471916,7.284289313247427e-05,0.9690902233123779,-0.24670645594596863,3.166431997669861e-05,1.196631669998169,-0.3223833441734314,0.00024955187109299004,1.079301357269287,-0.2509113550186157,0.00029573566280305386,0.9522129893302917,-0.1970963478088379,0.0002492524799890816,0.8157483339309692,-0.48600226640701294,2.2816757336840965e-05,1.0303986072540283,-0.5237376689910889,0.0002337130281375721,0.9309900403022766,-0.4503472149372101,0.0003856622788589448,0.803555428981781,-0.39641109108924866,0.00040149869164451957,0.6486180424690247,-0.6763367652893066,2.3606517061125487e-05,0.8700420260429382,-0.6913615465164185,0.00021387729793787003,0.7733645439147949,-0.6219627857208252,0.0004686610773205757,0.6604443192481995,-0.5681806802749634,0.0006356656085699797
rock,2JRYQXb5kmlhgD5i.png,0.0,0.0,0.0,0.28590574860572815,0.4337508976459503,5.652836262015626e-05,1.0688458681106567,0.6896489858627319,7.797189755365252e-05,1.3350220918655396,0.6031085252761841,9.795321966521442e-05,1.00639009475708,0.4021816551685333,-4.4593285565497354e-05,1.308603286743164,0.3449760377407074,-4.532923412625678e-05,1.147207260131836,0.36365053057670593,-9.921883611241356e-05,0.9872625470161438,0.3940579891204834,-0.00013349510845728219,0.9953135251998901,0.09670030325651169,-9.092655818676576e-05,1.2341291904449463,0.0950668528676033,8.596744737587869e-05,1.0988366603851318,0.12581735849380493,0.0001317914720857516,0.9572116732597351,0.14284762740135193,7.86159944254905e-05,0.9298108816146851,-0.1820213347673416,-0.00010810057574417442,1.1385397911071777,-0.14758042991161346,7.714743696851656e-05,1.022615909576416,-0.11219266802072525,0.0002317667967872694,0.8822000026702881,-0.1004374548792839,0.00024254560412373394,0.8380061388015747,-0.4251325726509094,-0.000118056166684255,1.034098505973816,-0.3611638844013214,5.0315979024162516e-05,0.9204976558685303,-0.3221879005432129,0.00029645409085787833,0.7945466637611389,-0.3099422752857208,0.00045587122440338135
rock,2MKZD0VUw7Tez2Jx.png,0.0,0.0,0.0,0.24887102842330933,0.4717278778553009,0.00018803651619236916,1.034172534942627,0.7347952127456665,0.00037974549923092127,1.234417200088501,0.5982065796852112,0.0004664409498218447,0.9990652799606323,0.41086167097091675,0.00018834028742276132,1.22597074508667,0.42575106024742126,0.00037335685919970274,1.0557854175567627,0.44266194105148315,0.00040016690036281943,0.917410671710968,0.44956961274147034,0.0003820902784354985,0.9929584264755249,0.11846347153186798,0.00014363418449647725,1.1374282836914062,0.1975208967924118,0.0005077965906821191,0.9986773729324341,0.23456236720085144,0.0005668480880558491,0.8751022815704346,0.2269800901412964,0.00048635536222718656,0.9206061959266663,-0.13210421800613403,0.0001497055491199717,1.0229816436767578,-0.020257337018847466,0.000517012900672853,0.9111163020133972,0.02551596239209175,0.0006156587041914463,0.7850163578987122,0.013288786634802818,0.0005454316269606352,0.8297249674797058,-0.34333983063697815,0.00017144456796813756,0.9219968914985657,-0.22179433703422546,0.0004914830788038671,0.8184213638305664,-0.18720822036266327,0.0007052794680930674,0.7031137943267822,-0.19325938820838928,0.0008026272989809513
rock,2NmrcDGkc7FQuu12.png,0.0,0.0,0.0,0.029646407812833786,-0.5261760950088501,-0.00017443693650420755,0.5838393568992615,-0.9967049360275269,-0.0003813536313828081,0.7866122722625732,-0.8933219313621521,-0.0004251566424500197,0.8657751083374023,-0.6255701780319214,-0.0003038681752514094,0.8924655318260193,-0.8128955364227295,-0.0002981763973366469,0.7081331610679626,-0.79344242811203,-0.00030893576331436634,0.5915816426277161,-0.7037071585655212,-0.0003511311369948089,0.948195219039917,-0.31768810749053955,-0.0002998677082359791,0.9744507670402527,-0.5580867528915405,-0.00025502528296783566,0.8131963610649109,-0.5806204080581665,-0.00024383854179177433,0.6753512620925903,-0.4891394078731537,-0.0002813049068208784,0.9454255104064941,-0.047019001096487045,-0.00026819328195415437,1.0016241073608398,-0.2898154556751251,-0.0003217384510207921,0.8550406694412231,-0.33454495668411255,-0.00022742353030480444,0.7188918590545654,-0.25778427720069885,-0.00017770538397599012,0.8928731679916382,0.1831158548593521,-0.00023321944172494113,0.9718310236930847,-0.049788396805524826,-0.00029915806953795254,0.8505247235298157,-0.1050572618842125,-0.00013204710558056831,0.7419987320899963,-0.041085001081228256,2.445318750687875e-05
rock,2nSUlcvPf1DOCo1j.png,0.0,0.0,0.0,0.35106074810028076,0.3908833861351013,-1.0989531801897101e-05,1.2678442001342773,0.4941157102584839,-0.00023607122420798987,1.624544620513916,0.44569045305252075,-0.00031377578852698207,1.0613189935684204,0.35173723101615906,-0.0005201467429287732,1.6200604438781738,0.147786483168602,-0.0008905149297788739,1.464180588722229,0.1900615394115448,-0.0010430390248075128,1.2365134954452515,0.25551894307136536,-0.0010346893686801195,0.9997826218605042,0.020839879289269447,-0.0005991798825562,1.5416609048843384,-0.11034732311964035,-0.0007505732355639338,1.370954155921936,-0.05933137238025665,-0.0006749162566848099,1.1651477813720703,-0.014861749485135078,-0.0006145414663478732,0.9111567139625549,-0.2850867807865143,-0.0006593557773157954,1.4197382926940918,-0.358869731426239,-0.0007201589178293943,1.2737840414047241,-0.30378496646881104,-0.00041022361256182194,1.0898714065551758,-0.2570172846317291,-0.00020985228184144944,0.8142861127853394,-0.5480906963348389,-0.0007113845786079764,1.2695001363754272,-0.5663107633590698,-0.0007105012191459537,1.156807780265808,-0.5049028396606445,-0.00038579030660912395,1.0018821954727173,-0.4674765169620514,-0.00012661190703511238
rock,2O9XPBJRT119drWX.png,0.0,0.0,0.0,0.17744533717632294,0.4739636480808258,-0.00031724778818897903,0.7617406249046326,0.7801059484481812,-0.0007386694196611643,0.8485981822013855,0.5912482738494873,-0.0008950245101004839,0.9563149213790894,0.4559880197048187,-0.0005332109867595136,1.0237144231796265,0.6274056434631348,-0.0008597061387263238,0.8298283219337463,0.6182568669319153,-0.0011648595100268722,0.6808069348335266,0.5325313210487366,-0.001391588943079114,0.987564206123352,0.1572156399488449,-0.0005231582326814532,1.0200960636138916,0.3496752381324768,-0.0006522542098537087,0.8458159565925598,0.36077359318733215,-0.0007915433379821479,0.6994392275810242,0.2868555784225464,-0.0009682556847110391,0.9323472380638123,-0.08426296710968018,-0.0005177179700694978,0.9460302591323853,0.09331423789262772,-0.0005984902381896973,0.8057241439819336,0.11590646207332611,-0.0005792019073851407,0.6721168160438538,0.062026724219322205,-0.0006352278287522495,0.8280153870582581,-0.2899852693080902,-0.000542196212336421,0.8810051083564758,-0.1359509974718094,-0.0005668873782269657,0.7596844434738159,-0.09434957802295685,-0.0004630839976016432,0.6402231454849243,-0.13820908963680267,-0.0004016598395537585
rock,2Pt5UNQkMzXLtbEp.png,0.0,0.0,0.0,0.19305552542209625,0.4669511914253235,8.462414371024352e-06,0.8718948364257812,0.6142910122871399,-3.559188553481363e-05,1.0572184324264526,0.4838296175003052,-1.4964637557568494e-05,0.9030214548110962,0.5706983208656311,-0.0003084359341301024,1.313888430595398,0.6710535883903503,-0.0004708917113021016,1.1410149335861206,0.6637516021728516,-0.0005251761758700013,0.9580836296081543,0.6184452772140503,-0.0005087880999781191,0.9694783687591553,0.24517673254013062,-0.00035882892552763224,1.326767086982727,0.3884725868701935,-0.0003038167778868228,1.1543740034103394,0.412223756313324,-0.00019059264741372317,0.9845708608627319,0.37737131118774414,-0.00012681812222581357,0.9569134712219238,-0.0369015634059906,-0.00038465808029286563,1.2520045042037964,0.11940798908472061,-0.000270742253633216,1.0930677652359009,0.1551629900932312,-3.653052408481017e-05,0.9349570274353027,0.12325023114681244,7.56999506847933e-05,0.8880264163017273,-0.26595261693000793,-0.00040429315413348377,1.098983883857727,-0.10306461155414581,-0.00028685503639280796,0.9676394462585449,-0.05531027168035507,-7.617024493811186e-06,0.8516600728034973,-0.07951218634843826,0.00020158062397968024
rock,2UaJz6Z3xJv3WX9h.png,0.0,0.0,0.0,0.29741597175598145,0.4291626513004303,4.730492946691811e-05,1.1324337720870972,0.5794255137443542,3.2172501960303634e-05,1.279242753982544,0.3891473710536957,1.9398967197048478e-05,1.0480144023895264,0.3509887456893921,-0.00010054035374196246,1.2770167589187622,0.24133916199207306,-9.124549978878349e-05,1.1179943084716797,0.24829918146133423,-0.00016526247782167047,0.9799658060073853,0.28936827182769775,-0.00024342800315935165,0.9993287920951843,0.036633435636758804,-0.0001803824125090614,1.1626665592193604,-0.012978857383131981,2.041018888121471e-06,1.0171743631362915,0.03561106324195862,3.5575565561885014e-05,0.8858513236045837,0.06260980665683746,-4.269728378858417e-05,0.8960378766059875,-0.22690652310848236,-0.0002241411420982331,1.025406837463379,-0.22109103202819824,-6.795800436520949e-05,0.9050061702728271,-0.1583992838859558,2.585689799161628e-05,0.7744305729866028,-0.1379324048757553,-1.4431368526857113e-06,0.7711503505706787,-0.44124189019203186,-0.0002599700237624347,0.9093990325927734,-0.38396647572517395,-0.00010741194273578003,0.7948766946792603,-0.33462706208229065,0.00010534599277889356,0.6741079092025757,-0.324097603559494,0.00022743089357391
rock,2uVMdMj10yjpR6Py.png,0.0,0.0,0.0,0.18509356677532196,0.496441513299942,2.555871287768241e-05,0.9190703630447388,0.8381175398826599,8.273942512460053e-05,1.127145767211914,0.7285747528076172,0.0001319065922871232,0.9596359729766846,0.47660645842552185,-1.6087999028968625e-05,1.1071898937225342,0.6063731908798218,-4.695973814250465e-07,0.9135911464691162,0.6053674817085266,-9.335197682958096e-05,0.7875194549560547,0.5525654554367065,-0.000176892033778131,0.9819236993789673,0.18927715718746185,-3.459640720393509e-05,1.0845444202423096,0.36236250400543213,0.00016396543651353568,0.9351801872253418,0.3834277093410492,0.0001492885930929333,0.8212406039237976,0.3332732319831848,5.1671693654498085e-05,0.9320736527442932,-0.051822010427713394,-2.2060779883759096e-05,1.0075230598449707,0.12657013535499573,0.00021651409042533487,0.8852674961090088,0.16016729176044464,0.00031060082255862653,0.7668086290359497,0.11794202029705048,0.0002717104216571897,0.8501571416854858,-0.24596284329891205,-9.65254002949223e-06,0.9161941409111023,-0.08028644323348999,0.00021646296954713762,0.8131589889526367,-0.04783284664154053,0.0004112697206437588,0.7120043635368347,-0.07649463415145874,0.0005177212879061699
rock,2vwLOZSd8FCXbuck.png,0.0,0.0,0.0,0.2619875371456146,0.43114814162254333,0.00010369721712777391,1.1075761318206787,0.7414470314979553,0.00014876574277877808,1.3541327714920044,0.5935797691345215,0.00017645482148509473,0.9816463589668274,0.501709520816803,-7.001507765380666e-05,1.3242945671081543,0.40494295954704285,-5.508901449502446e-05,1.1690713167190552,0.39896145462989807,-9.076183050638065e-05,1.009050965309143,0.42950043082237244,-0.0001171341646113433,0.9804582595825195,0.19672726094722748,-0.00013747643970418721,1.2696489095687866,0.160822793841362,3.63366307283286e-05,1.1418588161468506,0.1720193326473236,9.707179560791701e-05,0.9969088435173035,0.1877652406692505,5.895327194593847e-05,0.9365320205688477,-0.0933794230222702,-0.00016145531844813377,1.177761435508728,-0.07393825054168701,4.161127799306996e-05,1.0633857250213623,-0.053302422165870667,0.00022965374228078872,0.9241650104522705,-0.04744725674390793,0.0002570986980572343,0.8703357577323914,-0.3538541793823242,-0.00017555452359374613,1.0722222328186035,-0.27841272950172424,3.0930692446418107e-05,0.9506850242614746,-0.2609651982784271,0.0003077492874581367,0.8260440230369568,-0.261881560087204,0.00047712805098854005
rock,32PDtFdAkUiAJbmP.png,0.0,0.0,0.0,0.2962437868118286,0.43440142273902893,0.00016924666124396026,1.1169739961624146,0.6468721032142639,0.00026888560387305915,1.3463754653930664,0.5189304351806641,0.0002991039655171335,1.0130817890167236,0.3915907144546509,0.00010049206321127713,1.313326358795166,0.32137054204940796,0.0001845001825131476,1.1527888774871826,0.3351858854293823,0.0001613935746718198,1.0014437437057495,0.36321237683296204,0.00013393696281127632,0.9967725872993469,0.08027762174606323,1.404115027980879e-05,1.2254303693771362,0.06934814900159836,0.0002827259595505893,1.0833702087402344,0.1048089787364006,0.0003429725766181946,0.9365463256835938,0.12146417796611786,0.00028421380557119846,0.923071563243866,-0.20257572829723358,-3.1170868169283494e-05,1.108544945716858,-0.17264717817306519,0.0002527211036067456,0.9879151582717896,-0.1338919848203659,0.00040792307117953897,0.8468320369720459,-0.12552610039710999,0.00039256393210962415,0.8232842087745667,-0.4491586983203888,-6.262283568503335e-05,1.0068031549453735,-0.3775595426559448,0.00021315235062502325,0.8919565081596375,-0.3473986089229584,0.0004900002386420965,0.769447386264801,-0.3448847234249115,0.0006421008729375899
rock,337ARHTZmhCSkoEM.png,0.0,0.0,0.0,0.23571625351905823,0.4995952546596527,8.35683476907434e-06,1.0373365879058838,0.8288156390190125,-3.6842040572082624e-05,1.2430543899536133,0.6942676901817322,-4.3303229176672176e-05,0.9696267247200012,0.5388053059577942,-0.000341269769705832,1.2816306352615356,0.5382406711578369,-0.00045848183799535036,1.1190814971923828,0.570736289024353,-0.0005481534171849489,0.9596189856529236,0.5846589803695679,-0.0005953927175141871,0.9793810248374939,0.20202137529850006,-0.0004072192241437733,1.2231804132461548,0.2867872714996338,-0.00031094791484065354,1.0866713523864746,0.32455992698669434,-0.0002423145342618227,0.9403359889984131,0.312882661819458,-0.00026408390840515494,0.9326062798500061,-0.10318843275308609,-0.00044177306699566543,1.1086468696594238,0.031172702088952065,-0.00028514061705209315,0.9950892329216003,0.07305964082479477,-9.327918814960867e-05,0.8645250201225281,0.06715141981840134,-5.545860403799452e-05,0.8568885922431946,-0.3584701120853424,-0.0004788924125023186,0.9891865849494934,-0.19706039130687714,-0.0003057426365558058,0.877143144607544,-0.15681445598602295,-4.5850163587601855e-05,0.7693342566490173,-0.16695156693458557,0.00011552092473721132
rock,3aRXheNUQ6cxechp.png,0.0,0.0,0.0,0.22176361083984375,0.4685792624950409,9.854623203864321e-05,1.013535499572754,0.7490498423576355,0.00023107878223527223,1.2518621683120728,0.6707047820091248,0.00030497359693981707,0.9981059432029724,0.4086962044239044,5.902874545427039e-05,1.2322546243667603,0.46348080039024353,0.00011585587344598025,1.0579273700714111,0.4868200719356537,8.078960672719404e-05,0.9065961241722107,0.4789910316467285,4.5706834498560056e-05,0.9948717355728149,0.10114461928606033,1.0919894521066453e-05,1.1745538711547852,0.21488647162914276,0.0002673566632438451,1.0347869396209717,0.2584589719772339,0.0003101419424638152,0.9010809659957886,0.24513556063175201,0.00024456888786517084,0.917951226234436,-0.15903331339359283,-5.146938292455161e-06,1.04366934299469,-0.025561369955539703,0.0002614804543554783,0.928166925907135,0.024352800101041794,0.0003745686844922602,0.8024023175239563,0.011167400516569614,0.00034055375726893544,0.8119999170303345,-0.37136462330818176,-1.4070989891479257e-05,0.9195011258125305,-0.23745696246623993,0.00022683548741042614,0.8151655793190002,-0.1974274218082428,0.0004386334039736539,0.7063079476356506,-0.20409828424453735,0.0005513145006261766
rock,3k7WrSAInCaatFtl.png,0.0,0.0,0.0,0.315724641084671,0.3515278100967407,0.00036947772605344653,0.8532609343528748,0.37427210807800293,0.0004852631245739758,0.9348620772361755,0.20359788835048676,0.0004895096062682569,0.9504801034927368,0.44085174798965454,0.00027568681980483234,1.1542493104934692,0.37930428981781006,0.0003963639901485294,1.0111266374588013,0.3559761345386505,0.00039395337807945907,0.8793332576751709,0.36115938425064087,0.0003719780361279845,0.984961986541748,0.17277099192142487,0.0001030474595609121,1.1033594608306885,0.1762475222349167,0.00042954913806170225,0.9614772796630859,0.1667884886264801,0.0005216411082074046,0.832308292388916,0.166395366191864,0.0004971824819222093,0.9374582767486572,-0.08334072679281235,-1.761419298418332e-05,0.9874734878540039,-0.04707850143313408,0.0003547293599694967,0.866934061050415,-0.04181571304798126,0.0004599963722284883,0.7375128269195557,-0.04574437066912651,0.00041537254583090544,0.8587350845336914,-0.30561500787734985,-0.00011814697791123763,0.9055566787719727,-0.2447403222322464,0.00022320065181702375,0.7926915287971497,-0.22460858523845673,0.0004443395882844925,0.6759582757949829,-0.2207442820072174,0.0005665051285177469
rock,3MSy75FXVzhhLg77.png,0.0,0.0,0.0,0.27716192603111267,0.37619155645370483,0.00011354596790624782,0.8380078077316284,0.3789186477661133,0.00021984400518704206,0.9020616412162781,0.2342115044593811,0.0002696616284083575,1.016764760017395,0.2609572410583496,0.00015099762822501361,1.0723626613616943,0.36384350061416626,0.00022033604909665883,0.9133527874946594,0.3598819077014923,0.0001421373017365113,0.799389660358429,0.30846965312957764,4.544653347693384e-05,0.9999611377716064,0.008819853886961937,8.497139060636982e-05,1.0356708765029907,0.13932010531425476,0.00030040350975468755,0.8952153921127319,0.1630806177854538,0.00028773475787602365,0.7756751775741577,0.12599699199199677,0.00019920759950764477,0.9038383960723877,-0.2057965099811554,4.941100996802561e-05,0.9353969097137451,-0.07332918792963028,0.00026973296189680696,0.8096256256103516,-0.03567039594054222,0.0003167199029121548,0.6830542087554932,-0.058021146804094315,0.00026437826454639435,0.7726492881774902,-0.37907224893569946,2.0231420421623625e-05,0.8225809335708618,-0.26215022802352905,0.00019298639381304383,0.7093433737754822,-0.2116692215204239,0.0003482825995888561,0.5996296405792236,-0.22030238807201385,0.0004461610224097967
rock,3ONDEuB8iwAYO1Uz.png,0.0,0.0,0.0,0.2597111761569977,0.5137121081352234,-1.4940450455469545e-05,1.1319912672042847,0.8667430281639099,-0.0002657085715327412,1.473414421081543,0.9455662965774536,-0.00037267064908519387,0.954593300819397,0.6227511167526245,-0.000561524648219347,1.478844165802002,0.5806261301040649,-0.0008560885326005518,1.320186972618103,0.5887448191642761,-0.0009698614594526589,1.0960631370544434,0.5977984070777893,-0.0009736051433719695,0.9640700817108154,0.2656473219394684,-0.0006482365424744785,1.43205988407135,0.3009550869464874,-0.0007379319868050516,1.2690435647964478,0.3245881497859955,-0.0006440731231123209,1.0740898847579956,0.31820982694625854,-0.0006300860550254583,0.9381532669067383,-0.06033928319811821,-0.0007052806322462857,1.3676693439483643,0.020168906077742577,-0.0007494877791032195,1.2129422426223755,0.04467061161994934,-0.00044828082900494337,1.0253795385360718,0.03843485191464424,-0.00029785881633870304,0.8872655034065247,-0.3524916172027588,-0.00075341179035604,1.2563483715057373,-0.23595274984836578,-0.0007703274022787809,1.1124154329299927,-0.21046584844589233,-0.00046347593888640404,0.9515020251274109,-0.2222737967967987,-0.0002374431351199746
rock,3sQLj3fYBZhheJ7K.png,0.0,0.0,0.0,0.1827375888824463,-0.4563151001930237,4.516222907113843e-05,0.9017128348350525,-0.9072513580322266,2.6520941901253536e-05,1.110004186630249,-0.7644997239112854,9.74273425526917e-05,0.9231339693069458,-0.5618531107902527,-1.5599924154230393e-05,1.2216569185256958,-0.5364416241645813,7.297173578990623e-05,1.0598622560501099,-0.5542468428611755,0.00016882257477845997,0.9124510288238525,-0.5553554892539978,0.0002189245424233377,0.9660208821296692,-0.25846394896507263,-4.8497120587853715e-05,1.199855923652649,-0.32471340894699097,0.00017424006364308298,1.0672653913497925,-0.35704270005226135,0.00034992993460036814,0.9282864332199097,-0.3263554573059082,0.0004095047479495406,0.9624370336532593,0.004864091984927654,-5.87224931223318e-05,1.1517912149429321,-0.09733706712722778,0.0001315334375249222,1.0455113649368286,-0.13029463589191437,0.00032266718335449696,0.9073342680931091,-0.10513748228549957,0.0003888785431627184,0.928611695766449,0.23258942365646362,-5.959984991932288e-05,1.0888175964355469,0.09863721579313278,0.00014781240315642208,0.990833580493927,0.06229386851191521,0.00038381421472877264,0.8773666024208069,0.0932723879814148,0.0005328978295437992
rock,3Umm2S8TUyEpkbCY.png,0.0,0.0,0.0,0.3140906095504761,-0.44355687499046326,0.00019872793927788734,1.1392956972122192,-0.6157411932945251,0.00020656213746406138,1.4166977405548096,-0.5504859089851379,0.0002725117956288159,1.0339546203613281,-0.33966386318206787,4.54998153145425e-05,1.3263258934020996,-0.32498905062675476,0.00021316864877007902,1.1601957082748413,-0.3952835500240326,0.0003812651557382196,1.013378381729126,-0.39605921506881714,0.00047519319923594594,0.9994906783103943,-0.031913235783576965,-6.199469498824328e-05,1.2769776582717896,-0.0891619473695755,0.00026418344350531697,1.1436673402786255,-0.16977548599243164,0.0004927351837977767,1.0016545057296753,-0.1631738543510437,0.0005512794014066458,0.9155840873718262,0.22828912734985352,-0.00011929548054467887,1.1728771924972534,0.14159516990184784,0.00016191026952583343,1.0637013912200928,0.0796588808298111,0.00044912047451362014,0.9237611293792725,0.08100792020559311,0.0005348971462808549,0.8147047162055969,0.4456076920032501,-0.00015292484022211283,1.033506989479065,0.35001856088638306,0.00012668569979723543,0.9325905442237854,0.29432356357574463,0.00046063633635640144,0.8178191184997559,0.30324918031692505,0.0006544094067066908
rock,3wrX8EawcOolzrAY.png,0.0,0.0,0.0,0.3277817368507385,0.39033734798431396,-5.455064820125699e-05,1.2244763374328613,0.5155899524688721,-5.84576882829424e-05,1.523838996887207,0.490307480096817,-3.5182143619749695e-05,1.0673428773880005,0.2697772979736328,-0.0001610442704986781,1.4707788228988647,0.17533788084983826,-0.0004058649647049606,1.3301328420639038,0.23893170058727264,-0.0005499908584170043,1.128740906715393,0.2977575361728668,-0.0005801237421110272,0.9991122484207153,-0.0421261303126812,-0.00017871486488729715,1.3035682439804077,-0.11678255349397659,-0.0002374308096477762,1.1597238779067993,-0.036088015884160995,-0.00025944007211364806,0.9895796179771423,0.015808621421456337,-0.0002882423286791891,0.8785905241966248,-0.32038506865501404,-0.00020528401364572346,1.1184477806091309,-0.34688013792037964,-0.0002099075063597411,1.0091307163238525,-0.2502075731754303,-7.168816955527291e-05,0.8658669590950012,-0.19211715459823608,-3.0347669053298887e-06,0.7246080636978149,-0.5458701252937317,-0.00023124976723920554,0.9595829248428345,-0.5487233400344849,-0.00017945995205082,0.8653677701950073,-0.46083176136016846,4.474741581361741e-05,0.7383977770805359,-0.4094831049442291,0.00022755587997380644
rock,3XNPuMFoaFCfRCVb.png,0.0,0.0,0.0,0.2450508028268814,0.45482662320137024,7.55379514885135e-05,0.9827925562858582,0.5796902179718018,0.0002029907627729699,1.112231969833374,0.41815534234046936,0.0002993081870954484,0.9907788634300232,0.37905916571617126,-0.0002161914308089763,1.194369912147522,0.4389234185218811,-0.00013227573072072119,1.0335071086883545,0.47326549887657166,-6.825984746683389e-05,0.8950513005256653,0.4550813138484955,-4.335003541200422e-05,0.9980717897415161,0.062069717794656754,-0.00024571132962591946,1.184497594833374,0.17517441511154175,1.8861981516238302e-05,1.0445884466171265,0.2237701714038849,0.00017298934108112007,0.9022573232650757,0.20227015018463135,0.00018826215818990022,0.9329361319541931,-0.21051687002182007,-0.00022499597980640829,1.120955228805542,-0.07991835474967957,4.3829510104842484e-05,1.0014947652816772,-0.023960409685969353,0.00022304145386442542,0.8487327098846436,-0.03628874197602272,0.00023341072665061802,0.8310417532920837,-0.42242735624313354,-0.0001923024537973106,0.9985713958740234,-0.30399832129478455,2.8443737392080948e-05,0.8917398452758789,-0.246080219745636,0.00026760221226140857,0.7657264471054077,-0.25187066197395325,0.0004052056174259633
rock,3XqpRCrIK65ostOr.png,0.0,0.0,0.0,0.2577459514141083,0.5343926548957825,-0.00015440877177752554,1.1649538278579712,0.7194493412971497,-0.00026805305969901383,1.4288545846939087,0.6205323934555054,-0.00019741454161703587,0.9350591897964478,0.3769289553165436,-0.0007669266196899116,1.5289812088012695,0.6138979196548462,-0.0010774516267701983,1.2898402214050293,0.6766729950904846,-0.001111642923206091,1.0363460779190063,0.6140916347503662,-0.0010227641323581338,0.9999511241912842,0.009857606142759323,-0.0007006201194599271,1.5620781183242798,0.298502117395401,-0.0007745986222289503,1.3402165174484253,0.3926084339618683,-0.0005878866650164127,1.1215814352035522,0.3228395879268646,-0.00044704569154419005,1.001938819885254,-0.26010724902153015,-0.0006079550948925316,1.5041346549987793,0.02190704457461834,-0.0005443771369755268,1.3272080421447754,0.12556836009025574,-0.0002200995950261131,1.1358839273452759,0.07359504699707031,-3.572576679289341e-05,0.9671464562416077,-0.43306583166122437,-0.0005196024430915713,1.3825069665908813,-0.19686909019947052,-0.0004125868435949087,1.276627540588379,-0.10792092978954315,-0.00011747595272026956,1.1352076530456543,-0.151414692401886,8.892116602510214e-05
rock,43pApTDJOff5Fy62.png,0.0,0.0,0.0,0.23490868508815765,0.5289307832717896,-9.648509876569733e-05,1.1585692167282104,0.8901652693748474,-0.00022991650621406734,1.5014369487762451,0.8486878871917725,-0.00026560755213722587,0.955743670463562,0.5934787392616272,-0.0004006264207419008,1.4586745500564575,0.5593553185462952,-0.0007161732646636665,1.2781680822372437,0.5770866870880127,-0.0009071140084415674,1.0591429471969604,0.5895779728889465,-0.0009644999518059194,0.972885251045227,0.23128797113895416,-0.0004438751784618944,1.4170067310333252,0.27467238903045654,-0.0005170878721401095,1.2667595148086548,0.3043181300163269,-0.0004908764967694879,1.0864357948303223,0.29799774289131165,-0.00051633216207847,0.960368812084198,-0.10346291959285736,-0.00048625300405547023,1.3284779787063599,-0.008798637427389622,-0.0005271927220746875,1.198142170906067,0.022886522114276886,-0.00030218870961107314,1.0347470045089722,0.019458163529634476,-0.0001904920645756647,0.9283881783485413,-0.39179202914237976,-0.0005331275751814246,1.269985318183899,-0.23795302212238312,-0.0005172975943423808,1.143208622932434,-0.21017737686634064,-0.0002216158900409937,0.9880607724189758,-0.22772076725959778,-3.493598342174664e-06
rock,45lUkDFTSG9E7qOr.png,0.0,0.0,0.0,0.19165164232254028,0.5877566933631897,-0.00021612948330584913,0.9034042358398438,1.0170601606369019,-0.0003635987523011863,1.0932313203811646,0.9315941333770752,-0.00032447089324705303,0.8957732915878296,0.4575405716896057,-0.000400448712753132,1.1692801713943481,0.8392183780670166,-0.0006538896122947335,0.9229488968849182,0.8433634638786316,-0.0008325183880515397,0.7600497603416443,0.722258448600769,-0.0009281130041927099,0.9876176118850708,0.15688002109527588,-0.00033789273584261537,1.1980321407318115,0.580489993095398,-0.0004116558120585978,1.0086969137191772,0.609688937664032,-0.00042238589958287776,0.8892801403999329,0.49314653873443604,-0.00047271099174395204,1.0078880786895752,-0.054795026779174805,-0.0002750727580860257,1.164546012878418,0.3410073518753052,-0.0002268970274599269,1.0028996467590332,0.37778231501579285,-6.186733662616462e-05,0.8796173334121704,0.2799057364463806,-1.7241320165339857e-05,0.9838656187057495,-0.21179544925689697,-0.0002366834960412234,1.1014958620071411,0.1266309767961502,-0.0001268693304155022,0.9623069763183594,0.16666679084300995,8.151958900270984e-05,0.8456602096557617,0.08614768832921982,0.00020788953406736255
rock,4iN0sQcmcukBN652.png,0.0,0.0,0.0,0.26382866501808167,-0.3868694007396698,0.00010268091864418238,1.0412622690200806,-0.6650452017784119,0.00021983464830555022,1.279549241065979,-0.5634565949440002,0.00035726214991882443,0.997102677822113,-0.39902591705322266,6.0762991779483855e-05,1.2018132209777832,-0.3968205451965332,0.0003639798960648477,1.034428596496582,-0.4135761260986328,0.0006047217757441103,0.9076873064041138,-0.40901148319244385,0.0007142737740650773,0.9937625527381897,-0.1115168109536171,5.6010580010479316e-05,1.1646860837936401,-0.17684632539749146,0.0004618047969415784,1.0353087186813354,-0.21006815135478973,0.0006680582300759852,0.89605712890625,-0.2043655663728714,0.0007031187415122986,0.929966390132904,0.14039619266986847,0.00010254207154503092,1.036069393157959,0.049833573400974274,0.0004564846749417484,0.9332150816917419,0.0072509609162807465,0.0006428113556466997,0.7898333072662354,0.0007331926608458161,0.0006476622656919062,0.843955397605896,0.3581598699092865,0.0001642200950300321,0.920187771320343,0.2560197412967682,0.00047539500519633293,0.8146032691001892,0.20598211884498596,0.0007015005103312433,0.7032976746559143,0.202167809009552,0.0008057249942794442
rock,4QtEaLUAuzeJZKdK.png,0.0,0.0,0.0,-0.11371290683746338,0.43668046593666077,8.483118290314451e-05,0.3052048087120056,0.9632443785667419,0.0001953236642293632,0.5252575278282166,0.9766253232955933,0.00023794537992216647,0.5223063230514526,0.9152805805206299,9.021018195198849e-05,0.7746924161911011,1.0748769044876099,5.127838812768459e-05,0.6928943395614624,0.9870943427085876,-2.5242492483812384e-05,0.5569643974304199,0.8901621103286743,-6.852044316474348e-05,0.7297426462173462,0.6837219595909119,5.0224307415192015e-06,0.9512099027633667,0.8223850727081299,0.0001277653209399432,0.8432803750038147,0.7457447052001953,0.0001828454405767843,0.7038019895553589,0.6664480566978455,0.00017915562784764916,0.8588535189628601,0.4125896096229553,-7.305740291485563e-05,1.0369824171066284,0.5307928919792175,1.659802728681825e-05,0.9206150770187378,0.48292091488838196,0.00012111683463444933,0.7854956388473511,0.416066437959671,0.00014417995407711715,0.9150505065917969,0.14045485854148865,-0.00014194345567375422,1.0317829847335815,0.24280963838100433,-5.961883289273828e-05,0.9176039099693298,0.20913979411125183,0.00012380343105178326,0.8004122972488403,0.15888667106628418,0.0002586448681540787
rock,4RyeZiScDO5Z45oG.png,0.0,0.0,0.0,0.2693631052970886,0.4146267771720886,5.893987326999195e-05,1.0523064136505127,0.696321964263916,6.632144504692405e-05,1.212790846824646,0.5213735103607178,6.25847969786264e-05,1.0169090032577515,0.38026559352874756,-0.00020685672643594444,1.2012667655944824,0.319623202085495,-0.00018488909699954093,1.0297284126281738,0.31534117460250854,-0.0002439957606839016,0.8847537636756897,0.33029213547706604,-0.00030854810029268265,0.996192991733551,0.08717548847198486,-0.00026620953576639295,1.084823727607727,0.07995056360960007,-7.022885256446898e-05,0.9439486861228943,0.10201537609100342,-5.1898496167268604e-05,0.8107051849365234,0.12049489468336105,-0.00013901889906264842,0.9127959609031677,-0.1760883927345276,-0.00027424300787970424,0.9623172879219055,-0.13930869102478027,-7.562253449577838e-05,0.8498029112815857,-0.10726712644100189,1.626954872335773e-05,0.7236997485160828,-0.08786816895008087,-2.4335109628736973e-05,0.8157755136489868,-0.40071573853492737,-0.00027582963230088353,0.8820494413375854,-0.3320591151714325,-0.00011230651580262929,0.7686316967010498,-0.30692094564437866,7.095262117218226e-05,0.6604189276695251,-0.2948151230812073,0.00017892415053211153
rock,4UMcbmjgoJ8vsU3G.png,0.0,0.0,0.0,-0.15059944987297058,-0.4718989133834839,0.0002261435001855716,0.20436793565750122,-0.9691452383995056,0.0002497945970389992,0.4006212055683136,-0.8954069018363953,0.00027136816061101854,0.1605234295129776,-1.072916865348816,-0.00010682217543944716,0.33340027928352356,-1.2676444053649902,3.350293991388753e-05,0.29053163528442383,-1.111862063407898,0.00018342708062846214,0.2078666388988495,-0.985546886920929,0.0002719744516070932,0.43027544021606445,-0.9026976227760315,-0.00026202911976724863,0.5416836142539978,-1.0712668895721436,7.230674964375794e-05,0.47519490122795105,-0.9674952626228333,0.00025741400895640254,0.38481199741363525,-0.8511137366294861,0.0002970139612443745,0.6465207934379578,-0.6926650404930115,-0.00035601164563558996,0.6751757860183716,-0.829079806804657,-1.4692448530695401e-05,0.595361590385437,-0.7526606917381287,0.00014692472177557647,0.5071070790290833,-0.6437689065933228,0.00014638392894994467,0.7996320724487305,-0.4784514904022217,-0.00043356759124435484,0.7658593058586121,-0.5960613489151001,-9.178469917969778e-05,0.6716169714927673,-0.5284025073051453,0.00018347642617300153,0.6014720797538757,-0.4335595369338989,0.000332886993419379
rock,4vXhIZv7KkPhyfX9.png,0.0,0.0,0.0,0.2079915553331375,0.4858051538467407,6.658889469690621e-05,0.9673994183540344,0.81938636302948,0.0001292583328904584,1.1818873882293701,0.6976145505905151,0.00016464400687254965,0.9762029051780701,0.4518043100833893,5.1346862164791673e-05,1.1686348915100098,0.5024763941764832,9.450665675103664e-05,0.9915591478347778,0.5110769867897034,2.8617982025025412e-05,0.8466097116470337,0.49931198358535767,-3.331403786432929e-05,0.9890860319137573,0.1473390758037567,1.0181328434555326e-05,1.120206594467163,0.25166234374046326,0.0002450202009640634,0.969088613986969,0.2857404053211212,0.0002641466271597892,0.832872211933136,0.2688169479370117,0.00018696118786465377,0.9281591773033142,-0.115509994328022,-1.3519060075850575e-06,1.0090563297271729,0.005687772762030363,0.0002510452759452164,0.8863227963447571,0.049023743718862534,0.0003502709441818297,0.7547904253005981,0.03139573335647583,0.0003140346670988947,0.8399738669395447,-0.33044272661209106,-1.1483572961878963e-05,0.9154521226882935,-0.20892415940761566,0.00021291135635692626,0.803371787071228,-0.18026643991470337,0.0004073410527780652,0.6880397200584412,-0.1895761340856552,0.0005150439101271331
rock,4VYEe9NSyMlJmXUx.png,0.0,0.0,0.0,0.2801862061023712,0.49238499999046326,9.037512063514441e-05,1.073127031326294,0.7622683048248291,9.267272253055125e-05,1.3489691019058228,0.7047358751296997,9.076738933799788e-05,0.9911345839500427,0.47042277455329895,-6.593936268473044e-05,1.3514620065689087,0.46046802401542664,-0.00019404623890295625,1.179789423942566,0.48809152841567993,-0.00031532332650385797,0.9954212307929993,0.49715983867645264,-0.00036514573730528355,0.987618625164032,0.15687397122383118,-0.00015110537060536444,1.257529616355896,0.20349456369876862,-6.920161831658334e-05,1.1151741743087769,0.2464810013771057,-4.0647330024512485e-05,0.9623598456382751,0.25216445326805115,-8.889065793482587e-05,0.9313809871673584,-0.12469454109668732,-0.00021698017371818423,1.1331583261489868,-0.031035827472805977,-9.531255636829883e-05,1.0184061527252197,0.008844458498060703,7.654021464986727e-05,0.8807080984115601,0.00555273937061429,0.00011617546988418326,0.8488883972167969,-0.36867231130599976,-0.0002780138165690005,1.0319145917892456,-0.2450903207063675,-0.000135156384203583,0.9151120185852051,-0.20662705600261688,0.00012079212319804356,0.7890967130661011,-0.21185873448848724,0.00029138560057617724
rock,4yPN1zUFqW6ROTgq.png,0.0,0.0,0.0,0.2999626100063324,0.420072466135025,0.00014594868116546422,1.088692545890808,0.5991178154945374,0.00031366426264867187,1.31658136844635,0.49369367957115173,0.0003994504804722965,1.0341753959655762,0.3165595233440399,8.970069029601291e-05,1.2720041275024414,0.27277860045433044,0.0002413185138721019,1.1038955450057983,0.3042256534099579,0.0002853385522030294,0.9629291892051697,0.3338513970375061,0.000291298987576738,0.9996728301048279,0.025579441338777542,4.560040179057978e-05,1.1789062023162842,0.05332178249955177,0.0003489829832687974,1.0473729372024536,0.09365350753068924,0.00042305534589104354,0.9165382981300354,0.10993276536464691,0.00037037351285107434,0.9053238034248352,-0.2257784605026245,4.825286669074558e-05,1.0416687726974487,-0.15175506472587585,0.0003565545775927603,0.9350642561912537,-0.10845276713371277,0.00048613062244839966,0.8047986030578613,-0.09732633829116821,0.000452924839919433,0.7938099503517151,-0.4382898509502411,6.273752660490572e-05,0.9144384860992432,-0.34010961651802063,0.00033370289020240307,0.8112163543701172,-0.3001839220523834,0.0005538574769161642,0.698731541633606,-0.2858482599258423,0.0006695027695968747
rock,4ZVOE4DxJDxaysrR.png,0.0,0.0,0.0,0.28455039858818054,0.43265557289123535,0.00015816038649063557,1.117871880531311,0.6404701471328735,0.000228076649364084,1.3320305347442627,0.4934723377227783,0.0002517837274353951,1.0044225454330444,0.41046997904777527,-8.078014070633799e-05,1.2941588163375854,0.3031485378742218,9.751770448929165e-07,1.146023154258728,0.29445311427116394,3.757782542379573e-05,0.9986402988433838,0.3176010847091675,4.9513328121975064e-05,0.9942763447761536,0.10683854669332504,-0.0001752797543304041,1.2136536836624146,0.049713581800460815,6.340058462228626e-05,1.079901099205017,0.07618886232376099,0.00016665476141497493,0.9393935203552246,0.10185478627681732,0.00013995188055559993,0.924048900604248,-0.17223142087459564,-0.00021436551469378173,1.1103962659835815,-0.17816078662872314,2.5141880541923456e-05,0.9969976544380188,-0.1375318467617035,0.00018855890084523708,0.8611237406730652,-0.12268693745136261,0.00018949595687445253,0.8225146532058716,-0.4153279662132263,-0.00023548031458631158,0.9941887855529785,-0.36809131503105164,-4.722667199530406e-06,0.8897571563720703,-0.3363902270793915,0.00025414256379008293,0.7746021151542664,-0.33389824628829956,0.00040055677527561784
rock,51TTZXCnAuk3Ck6s.png,0.0,0.0,0.0,0.3340044319629669,0.39361730217933655,0.0002901346597354859,1.1624940633773804,0.590435802936554,0.0004286303010303527,1.455955147743225,0.5881623029708862,0.00047955726040527225,1.0202479362487793,0.43973520398139954,-7.63133357395418e-06,1.3447123765945435,0.2977831959724426,0.00011974321387242526,1.18679940700531,0.2986935079097748,0.000213828039704822,1.0278609991073608,0.3469252288341522,0.0002808418939821422,0.9908150434494019,0.1352238804101944,-0.0001153725097537972,1.245252251625061,0.06445926427841187,0.0001871121785370633,1.1227076053619385,0.07307427376508713,0.000332275521941483,0.970085620880127,0.10757891833782196,0.0003350087208673358,0.918053925037384,-0.15090730786323547,-0.00015470835205633193,1.0882298946380615,-0.15690933167934418,0.00020835082978010178,0.976449728012085,-0.1335454285144806,0.00042548112105578184,0.8344204425811768,-0.10575081408023834,0.0004346682399045676,0.8258829712867737,-0.4059806168079376,-0.00017185740580316633,0.9554088115692139,-0.36056455969810486,0.00016096490435302258,0.8294857144355774,-0.34088972210884094,0.0004401418846100569,0.7063400745391846,-0.3205593526363373,0.0005918900133110583
rock,545XFudcV0UlnH2Y.png,0.0,0.0,0.0,0.343499094247818,0.42671409249305725,-9.292518370784819e-06,1.1771081686019897,0.5184562802314758,9.68719832599163e-05,1.4214767217636108,0.40561309456825256,0.00019784348842222244,1.0522277355194092,0.2063446044921875,-1.0422522791486699e-05,1.3431464433670044,0.2145688384771347,-8.918555977288634e-06,1.1760181188583374,0.2994123101234436,-4.636614175979048e-05,1.0177868604660034,0.3245636522769928,-6.0974092775722966e-05,0.9967015981674194,-0.0811537578701973,6.77757952871616e-06,1.2502925395965576,0.002871529897674918,0.00016267360479105264,1.130892038345337,0.09806156158447266,0.00018013008229900151,0.9883115291595459,0.11949888616800308,0.00013758322165813297,0.8988100290298462,-0.31152695417404175,4.08130836149212e-05,1.0845916271209717,-0.17315885424613953,0.00024341978132724762,0.9889954328536987,-0.09552407264709473,0.00034871240495704114,0.8514583110809326,-0.08940064162015915,0.0003448218631092459,0.7878623008728027,-0.49337390065193176,6.887238123454154e-05,0.9381891489028931,-0.3428652584552765,0.0002657116565387696,0.8567864298820496,-0.2753778100013733,0.0004414326685946435,0.7470827698707581,-0.259268581867218,0.0005534238880500197
rock,5cJA6BncdVbygRNL.png,0.0,0.0,0.0,0.22981512546539307,-0.49636319279670715,-0.00016722397413104773,0.9895550012588501,-0.7994394898414612,-0.0002379876095801592,1.2394601106643677,-0.7306742668151855,-0.0001559540833113715,0.9756745100021362,-0.3633267879486084,-0.00019359808356966823,1.1904186010360718,-0.5793893337249756,7.025529339443892e-05,0.9792766571044922,-0.6277377605438232,0.00032397551694884896,0.8253968954086304,-0.5683207511901855,0.00044217659160494804,0.9968969225883484,-0.07871869951486588,-5.863101250724867e-05,1.1794835329055786,-0.3594920337200165,0.00014818702766206115,1.0140776634216309,-0.4424974322319031,0.0002691804547794163,0.8636358976364136,-0.39664432406425476,0.0002778407942969352,0.9454413056373596,0.13369454443454742,0.0001227955217473209,1.096166729927063,-0.14647549390792847,0.00024279240460600704,0.9627314209938049,-0.22403690218925476,0.0003555862058419734,0.8047151565551758,-0.19104601442813873,0.0003662541857920587,0.8688601851463318,0.2926773130893707,0.0003120570909231901,1.0000461339950562,0.07939376682043076,0.00038855522871017456,0.8935151696205139,-0.001519323792308569,0.0005152062512934208,0.7678555846214294,0.019910065457224846,0.0005959304398857057
rock,5dxMkdp9L1r6Dv8X.png,0.0,0.0,0.0,0.13120177388191223,-0.5187329053878784,3.1517495244770544e-06,0.7739835381507874,-1.0105035305023193,-9.818135004024953e-05,0.9117505550384521,-0.8211590051651001,-9.795969526749104e-05,0.877674400806427,-0.5942049026489258,-0.0002556980471126735,1.0951670408248901,-0.7648977637290955,-6.763859710190445e-05,0.8766486048698425,-0.7677015662193298,9.590096306055784e-05,0.7543845176696777,-0.69981449842453,0.00014506746083498,0.9576588273048401,-0.2879053056240082,-0.0002502472489140928,1.1137086153030396,-0.5309367179870605,-1.5038797300803708e-06,0.9344834685325623,-0.5648314952850342,0.00019358991994522512,0.7972094416618347,-0.4820401966571808,0.0002421432436676696,0.962270975112915,-0.041839826852083206,-0.00018791455659084022,1.086173176765442,-0.2883146107196808,2.1339064915082417e-05,0.9521899223327637,-0.3288220167160034,0.00019931593851651996,0.8173540830612183,-0.2638316750526428,0.00023415606119669974,0.92746901512146,0.15344558656215668,-0.000108888212707825,1.0508580207824707,-0.0830114409327507,8.347886614501476e-05,0.9365122318267822,-0.11227943003177643,0.00031503799255006015,0.8318851590156555,-0.0398479662835598,0.0004432369314599782
rock,5EEdNZWT8M9PThPB.png,0.0,0.0,0.0,0.27008435130119324,0.43037307262420654,0.0001427451934432611,1.043198823928833,0.6809916496276855,0.00022746904869563878,1.2843844890594482,0.5921258330345154,0.0002641508763190359,0.9948028922080994,0.44785407185554504,2.3287764634005725e-05,1.2576392889022827,0.36850133538246155,7.342942990362644e-05,1.100040316581726,0.3585372567176819,6.416936230380088e-05,0.9468337893486023,0.3747003972530365,5.0771119276760146e-05,0.9882568120956421,0.152801975607872,-6.153184222057462e-05,1.169636845588684,0.12720532715320587,0.00016053651052061468,1.0387027263641357,0.14695002138614655,0.0002210059465141967,0.9059086441993713,0.1614857017993927,0.00017110654152929783,0.9203680753707886,-0.1168099045753479,-0.0001078998320735991,1.0408906936645508,-0.08857957273721695,0.00010303275485057384,0.9287062287330627,-0.054164670407772064,0.00022652429470326751,0.8010886311531067,-0.042903248220682144,0.00021316872152965516,0.8276011943817139,-0.3540528118610382,-0.00014220709272194654,0.9237788915634155,-0.2831571102142334,4.598034138325602e-05,0.809522807598114,-0.25349152088165283,0.00025409352383576334,0.6979630589485168,-0.2478315383195877,0.00037984081427566707
rock,5G0hCO6RJXNyxcgV.png,0.0,0.0,0.0,0.2705616056919098,0.4453903138637543,0.00021077715791761875,0.8682013750076294,0.43266335129737854,0.0005334424204193056,0.929280698299408,0.24930694699287415,0.0006902263266965747,0.9716086983680725,0.36760663986206055,5.452083132695407e-05,0.9894986152648926,0.4467463791370392,0.00022269818873610348,0.829704999923706,0.43221011757850647,0.00023716605210211128,0.7077432870864868,0.3760833442211151,0.00020047908765263855,0.9961203336715698,0.08800112456083298,3.916547939297743e-05,0.9808610081672668,0.20685680210590363,0.000428506318712607,0.8322601914405823,0.22163227200508118,0.0005151578807272017,0.7113540172576904,0.1811104714870453,0.00044562865514308214,0.9284746050834656,-0.14470337331295013,8.621894812677056e-05,0.9366447329521179,-0.017397304996848106,0.0004711846704594791,0.8015828728675842,0.015550993382930756,0.0005479805404320359,0.6626786589622498,-0.006342356093227863,0.00045966170728206635,0.8239709734916687,-0.32788753509521484,0.0001534501789137721,0.8543522953987122,-0.2191230058670044,0.00043749972246587276,0.7419093251228333,-0.16093100607395172,0.0005973057704977691,0.6246917247772217,-0.16109223663806915,0.0006678056088276207
rock,5nKDkVzIMQWmtReM.png,0.0,0.0,0.0,0.3197902739048004,0.380911260843277,0.00012094427074771374,1.1053762435913086,0.4775659739971161,0.00024223567743320018,1.3581806421279907,0.4124341607093811,0.00031407951610162854,1.0488512516021729,0.23905272781848907,-4.06444132750039e-06,1.2931360006332397,0.18553289771080017,9.379582479596138e-05,1.1430878639221191,0.24170781672000885,0.00013983940880279988,1.0068490505218506,0.2785913348197937,0.00016472843708470464,0.9992928504943848,-0.03760034218430519,-5.069026883575134e-05,1.1993086338043213,-0.03458240255713463,0.0001824662322178483,1.0731868743896484,0.03139706701040268,0.00025762306177057326,0.9338794350624084,0.06503134965896606,0.00023682382015977055,0.8902288675308228,-0.2735503315925598,-5.151178265805356e-05,1.0177911520004272,-0.2197192907333374,0.00020681670866906643,0.9120955467224121,-0.15615887939929962,0.0003363983996678144,0.7822685837745667,-0.13110028207302094,0.00032712367828935385,0.7609587907791138,-0.46595293283462524,-4.327997885411605e-05,0.8519878387451172,-0.3898966610431671,0.00018435189849697053,0.7489556074142456,-0.33895784616470337,0.0003791136550717056,0.6413416862487793,-0.3144255578517914,0.0004940115031786263
rock,5qDxuZZrlJjTW8ld.png,0.0,0.0,0.0,0.1747467964887619,0.6509119868278503,-0.0003259182849433273,1.1089354753494263,1.1011152267456055,-0.0007310310611501336,1.3555247783660889,0.8957712054252625,-0.0008010164019651711,0.8674577474594116,0.7369929552078247,-0.001136553823016584,1.469840168952942,0.8150892853736877,-0.001582744182087481,1.2450647354125977,0.8367799520492554,-0.001728068687953055,0.9971086978912354,0.8186257481575012,-0.0017114027868956327,0.9545340538024902,0.29809990525245667,-0.0010533989407122135,1.477017879486084,0.4908704161643982,-0.0012096557766199112,1.3092410564422607,0.5261198878288269,-0.0011003370163962245,1.1152220964431763,0.48669734597206116,-0.0010419413447380066,1.028998851776123,-0.06497769802808762,-0.0009429954225197434,1.4417682886123657,0.16949763894081116,-0.0009185129893012345,1.2849509716033936,0.19864170253276825,-0.0006243750103749335,1.1102900505065918,0.15369753539562225,-0.00048691401025280356,1.0765154361724854,-0.3551645278930664,-0.0008541660499759018,1.4260162115097046,-0.08494818955659866,-0.0007200960535556078,1.2791520357131958,-0.05985286086797714,-0.00040333159267902374,1.1308073997497559,-0.12393909692764282,-0.00019862390763591975
rock,5QHZzfwp2xJXckQb.png,0.0,0.0,0.0,0.39613428711891174,-0.425678014755249,0.0003325105644762516,1.0183777809143066,-0.3540029525756836,0.0005364566459320486,1.0612905025482178,-0.16310209035873413,0.0006220071227289736,1.0120213031768799,-0.3790868818759918,0.00024293878232128918,1.2972240447998047,-0.3403037190437317,0.00043773508514277637,1.1496578454971313,-0.33632203936576843,0.0006146876839920878,0.9988589882850647,-0.32978129386901855,0.0007281689322553575,0.9979469776153564,-0.06404494494199753,8.523471478838474e-05,1.2399609088897705,-0.0760778933763504,0.00043705053394660354,1.1105247735977173,-0.10925200581550598,0.000615640077739954,0.9773436784744263,-0.1064925566315651,0.0006557928863912821,0.9303832650184631,0.2211572676897049,-2.3109188987291418e-05,1.1727079153060913,0.1554577648639679,0.00024737243074923754,1.0630741119384766,0.10775389522314072,0.0003944419149775058,0.9230818152427673,0.10154999792575836,0.00041668713674880564,0.8380641341209412,0.44953879714012146,-9.633290756028146e-05,1.1039927005767822,0.3760738968849182,0.0001781364408088848,1.01569664478302,0.3217450678348541,0.0004651978088077158,0.8798182010650635,0.3160741329193115,0.0006460390286520123
rock,5sdSnAPfphSzXjWu.png,0.0,0.0,0.0,0.31277647614479065,0.3547152280807495,0.0001050573046086356,1.0572212934494019,0.5444888472557068,5.105025411467068e-05,1.3460568189620972,0.5205572247505188,3.782209023484029e-05,0.9933871030807495,0.4058493971824646,-7.635500514879823e-05,1.394095540046692,0.3039795160293579,-0.00026817648904398084,1.2602994441986084,0.3068859577178955,-0.00040079624159261584,1.0815012454986572,0.3418704569339752,-0.00042989253415726125,0.9917012453079224,0.12856321036815643,-0.00018139980966225266,1.3519823551177979,0.0683567002415657,-0.00019090961723122746,1.2153267860412598,0.07734696567058563,-0.00016421118925791234,1.0505598783493042,0.10327383130788803,-0.00015889784845057875,0.9384820461273193,-0.13473400473594666,-0.0002719758194871247,1.2695786952972412,-0.16199474036693573,-0.0002234137646155432,1.1540387868881226,-0.1356138437986374,-2.9446437110891566e-05,1.001461148262024,-0.10674814879894257,7.20334064681083e-05,0.860992431640625,-0.359892338514328,-0.0003539686440490186,1.1625182628631592,-0.3492448925971985,-0.00027741974918171763,1.0624423027038574,-0.31185635924339294,-1.9721852368093096e-05,0.9344758987426758,-0.28566229343414307,0.00018540216842666268
rock,5SeLlZliRJtZAnIZ.png,0.0,0.0,0.0,0.13183365762233734,0.4151822030544281,1.4091030607232824e-05,0.7032477855682373,0.6995925307273865,0.00010866140655707568,0.8247408270835876,0.541300892829895,0.0001532737078377977,0.9307746887207031,0.46563491225242615,7.969864964252338e-05,0.8819304704666138,0.5082011222839355,7.873296272009611e-05,0.7102710604667664,0.46242275834083557,-9.032704110722989e-05,0.6029157042503357,0.40715211629867554,-0.0002433795016258955,0.9825390577316284,0.18605612218379974,4.3605072278296575e-05,0.9017977714538574,0.23693209886550903,0.00020196029799990356,0.7438185811042786,0.2167927324771881,9.858199337031692e-05,0.6276662349700928,0.16530388593673706,-5.463296110974625e-05,0.938889741897583,-0.06964001059532166,3.0037928809178993e-05,0.8707720041275024,-0.0023607974871993065,0.00012885381875094026,0.7371292114257812,0.007126559503376484,7.60443726903759e-05,0.621479332447052,-0.021726049482822418,-2.274195503559895e-05,0.8590201139450073,-0.29562699794769287,2.230979771411512e-05,0.8187721371650696,-0.21091166138648987,7.048467523418367e-05,0.6821924448013306,-0.18541714549064636,0.0001547697465866804,0.5785955190658569,-0.20220641791820526,0.00022028641251381487
rock,5uXiqEc4q2Vi0NCX.png,0.0,0.0,0.0,0.2407240867614746,0.4536002278327942,0.0004844417853746563,0.9109663367271423,0.6234708428382874,0.0008849870064295828,1.0719400644302368,0.5163339376449585,0.0010410603135824203,0.8915774822235107,0.5771094560623169,0.0003783687425311655,1.3099058866500854,0.5912016034126282,0.0005371246952563524,1.186401605606079,0.5440064668655396,0.0006191026768647134,1.0261658430099487,0.5296007394790649,0.0006865194300189614,0.9614143967628479,0.2751041650772095,0.00020896912610623986,1.2962336540222168,0.31038975715637207,0.0005755154998041689,1.1603775024414062,0.28479254245758057,0.0007489549461752176,1.0173782110214233,0.2777981162071228,0.0007945991819724441,0.9699442982673645,-0.016731634736061096,9.733762999530882e-05,1.232844591140747,0.058945707976818085,0.000524498347658664,1.1070640087127686,0.05996956303715706,0.0007338034338317811,0.9742165207862854,0.04158329591155052,0.0007540604565292597,0.9288957118988037,-0.2775065302848816,2.459220377204474e-05,1.1799119710922241,-0.17280559241771698,0.0004468051774892956,1.067912220954895,-0.16461381316184998,0.0007922012009657919,0.9406251907348633,-0.18197615444660187,0.0009861472062766552
rock,5yHTRIIDcdrXqMYJ.png,0.0,0.0,0.0,0.28469449281692505,0.4416029453277588,0.0001239919802173972,1.0661752223968506,0.6318292617797852,0.0002892746706493199,1.3358317613601685,0.606924295425415,0.0003922877076547593,1.006140947341919,0.39157921075820923,6.554201536346227e-05,1.2858822345733643,0.366928368806839,0.00016061411588452756,1.1248621940612793,0.4070574939250946,0.0001863359793787822,0.9747722744941711,0.429407000541687,0.00020137567480560392,0.994393527507782,0.1057429388165474,3.698227374115959e-05,1.208638310432434,0.1552262157201767,0.0003045623889192939,1.0918008089065552,0.20338979363441467,0.0003783022693824023,0.9570716619491577,0.21317312121391296,0.000343084626365453,0.9292032122612,-0.1400943398475647,4.534774416242726e-05,1.073113203048706,-0.05154566466808319,0.00032983426353894174,0.9802863597869873,-0.003919692710042,0.00045421227696351707,0.8551880121231079,0.0014140899293124676,0.0004336533311288804,0.8410009145736694,-0.34615927934646606,6.269376171985641e-05,0.9605699777603149,-0.23879015445709229,0.0003148932883050293,0.8691617846488953,-0.20309025049209595,0.0005205207271501422,0.7634482979774475,-0.19889315962791443,0.0006393120856955647
rock,5Zca8AdXnpDvoz18.png,0.0,0.0,0.0,0.2611149549484253,-0.3894496560096741,0.0002878009690903127,0.8979397416114807,-0.46534228324890137,0.0004648790636565536,1.0300766229629517,-0.33598577976226807,0.0005529506597667933,0.9898146390914917,-0.4060889482498169,0.00018800316320266575,1.2613109350204468,-0.36529701948165894,0.00035155133809894323,1.1294618844985962,-0.3449282646179199,0.0004622932174243033,0.9898631572723389,-0.3416158854961395,0.000524768722243607,0.9940446615219116,-0.10897334665060043,4.379593156045303e-05,1.2087695598602295,-0.11512911319732666,0.0003975773579441011,1.0848339796066284,-0.12799762189388275,0.0005761557840742171,0.9376077651977539,-0.14015966653823853,0.0006220742943696678,0.930528461933136,0.15037472546100616,-5.8219047787133604e-05,1.0983330011367798,0.10515547543764114,0.00027054024394601583,0.9973143339157104,0.07874581962823868,0.0004471244174055755,0.858778178691864,0.06149808317422867,0.00046570238191634417,0.829928994178772,0.3553120195865631,-0.00013980999938212335,0.9437850117683411,0.27772536873817444,0.00016481873171869665,0.8466430306434631,0.24540700018405914,0.0004272068035788834,0.7326780557632446,0.2406681627035141,0.0005765369278378785
rock,6AcmgOHcOvQfp1iW.png,0.0,0.0,0.0,0.29431992769241333,0.4690627455711365,4.6781846322119236e-05,1.1078357696533203,0.6809244751930237,6.874282553326339e-05,1.3742586374282837,0.6129523515701294,8.625012560514733e-05,1.0184696912765503,0.3955882787704468,-8.209030966099817e-06,1.3270604610443115,0.36105597019195557,-0.0001305936893913895,1.1614046096801758,0.3875479996204376,-0.0002612333046272397,0.990429162979126,0.4044014811515808,-0.0003240999358240515,0.9961063861846924,0.08815942704677582,-7.5485062552616e-05,1.2266706228256226,0.11254246532917023,-4.1866528590617236e-06,1.0866451263427734,0.15763120353221893,4.3996041654281726e-07,0.937416136264801,0.17623364925384521,-5.360639624996111e-05,0.9186320304870605,-0.18506190180778503,-0.00013580899394582957,1.0601996183395386,-0.1027568131685257,-3.1633990147383884e-05,0.9450072050094604,-0.056847602128982544,9.27468208828941e-05,0.8140372037887573,-0.045552171766757965,0.00011126021854579449,0.8145105838775635,-0.4178023934364319,-0.0001976904459297657,0.9309045076370239,-0.30519962310791016,-6.704792758682743e-05,0.8136369585990906,-0.26810649037361145,0.00014197123527992517,0.6988937258720398,-0.2619914412498474,0.0002818149805534631
rock,6bGxG6c9DxmZBcIB.png,0.0,0.0,0.0,0.15329088270664215,0.5042545795440674,-0.00018652566359378397,0.7906661629676819,0.9757864475250244,-0.0004670378111768514,0.9503278732299805,0.8042410612106323,-0.0005898573435842991,0.9454466104507446,0.5282421112060547,-0.00038163497811183333,1.0352507829666138,0.6198131442070007,-0.0006231639999896288,0.8343929648399353,0.6057825684547424,-0.0008936626254580915,0.6822300553321838,0.5549503564834595,-0.0010800703894346952,0.9814788103103638,0.191570445895195,-0.000413071655202657,1.0185264348983765,0.325025737285614,-0.0004329653747845441,0.8493755459785461,0.33299100399017334,-0.0005415341001935303,0.7162834405899048,0.2868924140930176,-0.0007044760277494788,0.9338741898536682,-0.10466309636831284,-0.0004352068935986608,0.9739802479743958,0.04536517709493637,-0.00043319608084857464,0.8282962441444397,0.07643811404705048,-0.0003604876692406833,0.6924810409545898,0.05011991038918495,-0.0003913290274795145,0.8531241416931152,-0.3615921437740326,-0.00047282889136113226,0.8993817567825317,-0.20595882833003998,-0.00042391117312945426,0.7571224570274353,-0.16118326783180237,-0.00022588798310607672,0.6328126192092896,-0.17936380207538605,-9.86167142400518e-05
rock,6HFAfRozG6L6n9fl.png,0.0,0.0,0.0,0.3113432824611664,0.5230661630630493,-0.00022265026927925646,1.2723309993743896,0.9332470893859863,-0.0006647736299782991,1.5726393461227417,0.7898436784744263,-0.0007684805314056575,0.9759318828582764,0.35270440578460693,-0.0011145367752760649,1.5703110694885254,0.5713149905204773,-0.0014349017292261124,1.3195682764053345,0.6530840992927551,-0.0014569831546396017,1.086572289466858,0.5945287942886353,-0.0013846628135070205,0.9997670650482178,-0.021555989980697632,-0.0010940571082755923,1.5898690223693848,0.2794475853443146,-0.0011970608029514551,1.3663033246994019,0.3946940302848816,-0.0010114677716046572,1.1563712358474731,0.3175632357597351,-0.0009251491283066571,0.9853073358535767,-0.3134866952896118,-0.001024288940243423,1.5403467416763306,-0.008574829436838627,-0.0010033801663666964,1.3408353328704834,0.10253142565488815,-0.0006075553246773779,1.1382381916046143,0.03704962879419327,-0.00041768699884414673,0.9461706280708313,-0.5256856083869934,-0.0009598983451724052,1.3906017541885376,-0.27014103531837463,-0.0008961389539763331,1.2470860481262207,-0.1879127025604248,-0.0005330877029336989,1.0801818370819092,-0.25245290994644165,-0.0003053414693567902
rock,6HsTnF20TAnDZiRT.png,0.0,0.0,0.0,0.2865734100341797,0.4123370349407196,9.135664004134014e-05,1.0706911087036133,0.651787281036377,0.00018586286751087755,1.3237553834915161,0.586492121219635,0.0002507526951376349,1.012636423110962,0.3642679452896118,6.3985985434555914e-06,1.2571603059768677,0.35701560974121094,9.055530244950205e-05,1.0956333875656128,0.3736799359321594,0.00011142996663693339,0.9520227313041687,0.37821120023727417,0.00012101166066713631,0.997467041015625,0.07112986594438553,-3.5493856557877734e-05,1.1826086044311523,0.11200389266014099,0.00021604428184218705,1.0540622472763062,0.14998868107795715,0.0002762185176834464,0.9229174852371216,0.15832670032978058,0.0002296083839610219,0.9201491475105286,-0.18748773634433746,-4.000131957582198e-05,1.0428850650787354,-0.11614382266998291,0.0002306973619852215,0.9306814670562744,-0.06795644760131836,0.00035191571805626154,0.8024454116821289,-0.062025588005781174,0.00032637538970448077,0.8143946528434753,-0.40706732869148254,-3.763883432839066e-05,0.925554633140564,-0.31579774618148804,0.0001958762586582452,0.8162556290626526,-0.2761479616165161,0.00040379184065386653,0.7054897546768188,-0.26767057180404663,0.0005225110799074173
rock,6NSGRQDw4M2amVcH.png,0.0,0.0,0.0,0.2144734412431717,0.5431704521179199,-7.518484926549718e-05,1.117272138595581,0.9281725287437439,-0.00020449265139177442,1.4531821012496948,0.9009266495704651,-0.0002451024192851037,0.9388977289199829,0.6214765906333923,-0.00039548802305944264,1.4298204183578491,0.5987192392349243,-0.000694712100084871,1.2494398355484009,0.6159961819648743,-0.0008825573604553938,1.0355839729309082,0.6224683523178101,-0.000943075108807534,0.964557409286499,0.26387253403663635,-0.00044760460150428116,1.3979301452636719,0.31770142912864685,-0.0005231273244135082,1.2468512058258057,0.34955570101737976,-0.0005075407680124044,1.066939115524292,0.3368864059448242,-0.0005363136297091842,0.9528285264968872,-0.0690973699092865,-0.0004938814672641456,1.3104828596115112,0.02906208485364914,-0.000515167776029557,1.1802829504013062,0.06725044548511505,-0.0003082154435105622,1.0216059684753418,0.05955960229039192,-0.00021102991013322026,0.9168816208839417,-0.35383376479148865,-0.0005412319442257285,1.244683027267456,-0.21402156352996826,-0.0005013068439438939,1.121738076210022,-0.1857759803533554,-0.00021399842808023095,0.9756454825401306,-0.2019403576850891,-5.476220394484699e-06
rock,6QrCGRwuFLPn0VIH.png,0.0,0.0,0.0,0.10157456994056702,0.6073857545852661,-0.00025150904548354447,0.9692424535751343,1.1723804473876953,-0.0005398744251579046,1.237080693244934,1.0047849416732788,-0.000573530443944037,0.7823221683502197,0.8092767596244812,-0.0008596965344622731,1.3502309322357178,0.9184346795082092,-0.001253640977665782,1.1491316556930542,0.9112334847450256,-0.0014160603750497103,0.9044747352600098,0.8714985847473145,-0.0014201264129951596,0.9108728766441345,0.4126863181591034,-0.0007959760259836912,1.3787416219711304,0.6050040125846863,-0.0008967181784100831,1.2192494869232178,0.612564206123352,-0.000817056221421808,1.0338958501815796,0.5562166571617126,-0.0007811295799911022,1.012041449546814,0.07538038492202759,-0.0007140544475987554,1.3640719652175903,0.284373939037323,-0.0006568938260897994,1.214647650718689,0.29283449053764343,-0.0003967522643506527,1.0534340143203735,0.2405194342136383,-0.0002831438323482871,1.0787240266799927,-0.20321457087993622,-0.0006521438481286168,1.3415082693099976,0.04207316413521767,-0.0005094735533930361,1.1967076063156128,0.04096789285540581,-0.0002193544787587598,1.0701539516448975,-0.023486189544200897,-2.8587233828147873e-05
rock,6sInddznuGf5KuRo.png,0.0,0.0,0.0,0.2873934507369995,-0.4701808989048004,5.67220376979094e-05,1.0989595651626587,-0.816200315952301,-0.00013996471534483135,1.3165818452835083,-0.6080074906349182,-0.0001794125564629212,0.9653563499450684,-0.553755521774292,-0.00019133322348352522,1.2382057905197144,-0.43331196904182434,-0.00011451435420894995,1.0722471475601196,-0.42612355947494507,-3.0558763683075085e-05,0.9488727450370789,-0.45702147483825684,-1.1727526725735515e-05,0.9701142311096191,-0.24264834821224213,-0.00027964566834270954,1.2406022548675537,-0.19503378868103027,-6.116371514508501e-05,1.1000632047653198,-0.2016322910785675,0.00012620308552868664,0.9374783039093018,-0.20125731825828552,0.00016928061086218804,0.9416984915733337,0.04032798856496811,-0.00032618193654343486,1.1534770727157593,0.03486007824540138,-9.847565524978563e-05,1.0428261756896973,0.026305828243494034,0.0001605173893040046,0.8772189617156982,0.02930929698050022,0.00024279949138872325,0.8849626183509827,0.2945645749568939,-0.00036714295856654644,1.0526211261749268,0.2299967110157013,-0.0001096367632271722,0.9478093981742859,0.22286243736743927,0.00020170996140222996,0.8231925368309021,0.24142153561115265,0.000382202269975096
rock,6TC3PefZj9PxEdqz.png,0.0,0.0,0.0,0.35515064001083374,0.5024598240852356,-0.0003170279669575393,1.3625787496566772,0.5276663899421692,-0.0006848752964287996,1.7431620359420776,0.4763924479484558,-0.0007299801800400019,1.0365557670593262,0.23326891660690308,-0.0009505510679446161,1.7270463705062866,0.136347234249115,-0.001362670329399407,1.5570878982543945,0.2771511673927307,-0.0014291959814727306,1.29401433467865,0.3219068944454193,-0.0013411880936473608,0.9884340167045593,-0.15164928138256073,-0.000852427794598043,1.664725422859192,-0.15797778964042664,-0.0010681627318263054,1.4925709962844849,0.012629306875169277,-0.0009363364079035819,1.246377944946289,0.0382658988237381,-0.0008132213843055069,0.9191607236862183,-0.4483112692832947,-0.0007408597157336771,1.5319244861602783,-0.407322496175766,-0.0008093670476227999,1.381966233253479,-0.24710701406002045,-0.00045341969234868884,1.168751835823059,-0.21309775114059448,-0.00022132582671474665,0.8416476249694824,-0.657493531703949,-0.0006447209161706269,1.3422980308532715,-0.5877704620361328,-0.000679021468386054,1.24411940574646,-0.46480682492256165,-0.00039472270873375237,1.0822423696517944,-0.44671615958213806,-0.00016389982192777097
rock,6TEsyzE1MEK6Xg31.png,0.0,0.0,0.0,0.12698641419410706,0.4871205985546112,-0.0001803015184123069,0.9538847208023071,0.8351803421974182,-0.00019494009029585868,1.2602143287658691,0.829098641872406,-0.00016839010640978813,0.9282347559928894,0.6496871113777161,-0.00033087178599089384,1.266905665397644,0.517021656036377,-0.000521215028129518,1.1240540742874146,0.4912205636501312,-0.0006443174206651747,0.9475346803665161,0.5273963809013367,-0.000705298560205847,0.9546594023704529,0.2977001368999481,-0.0003184201486874372,1.2353436946868896,0.2293151170015335,-0.00035875928006134927,1.0944103002548218,0.21783789992332458,-0.00034307868918403983,0.9287561178207397,0.2386205494403839,-0.0003679947985801846,0.9244703054428101,-0.03974613547325134,-0.0003135996521450579,1.1058754920959473,-0.05152174085378647,-0.000371616828488186,0.9749793410301208,-0.04024297744035721,-0.00025053624995052814,0.8301314115524292,-0.015807978808879852,-0.00019857803999911994,0.856437087059021,-0.34080609679222107,-0.00031729135662317276,0.9852824211120605,-0.2959573566913605,-0.0003534008574206382,0.8469579815864563,-0.29074183106422424,-0.00019240312394686043,0.723337709903717,-0.2761589288711548,-5.43110363651067e-05
rock,6ZuyUqrA3gcHdfCe.png,0.0,0.0,0.0,0.2750947177410126,0.46753397583961487,-0.0001201208506245166,1.14333975315094,0.7137993574142456,-0.0002914296055678278,1.456784963607788,0.6865043044090271,-0.00033106919727288187,1.0093246698379517,0.41643354296684265,-0.00040012423414736986,1.4187358617782593,0.41897881031036377,-0.0006579307955689728,1.2214711904525757,0.486741840839386,-0.0008052733610384166,1.0144352912902832,0.4970432221889496,-0.0008400222868658602,0.9960528016090393,0.08876176923513412,-0.00042027616291306913,1.3536570072174072,0.16502979397773743,-0.0005100697162561119,1.1792652606964111,0.23849841952323914,-0.0005150904762558639,0.9954562187194824,0.2233666032552719,-0.0005341339856386185,0.9370896816253662,-0.19550207257270813,-0.00042903420398943126,1.235741138458252,-0.08229149878025055,-0.00042886624578386545,1.0894311666488647,-0.013809604570269585,-0.00021743988327216357,0.9278916120529175,-0.021493878215551376,-0.00011392527812859043,0.8549134135246277,-0.4345912039279938,-0.00044671230716630816,1.1170309782028198,-0.2941596806049347,-0.0004099900252185762,0.9795631170272827,-0.23604333400726318,-0.00014673474652227014,0.8367012143135071,-0.2467377632856369,5.465581125463359e-05
rock,6ZWuYAkiYnDTDa2N.png,0.0,0.0,0.0,0.24538148939609528,0.4910145401954651,0.00013210164615884423,1.0151818990707397,0.7291702628135681,0.0002809539146255702,1.2793797254562378,0.7565325498580933,0.000377213436877355,0.9817226529121399,0.46011510491371155,2.881680120481178e-05,1.2455501556396484,0.4696536064147949,0.00017953077622223645,1.0636882781982422,0.48820438981056213,0.00028438548906706274,0.9160292744636536,0.49535253643989563,0.0003475708654150367,0.988405704498291,0.15183596312999725,1.5660436474718153e-05,1.1975011825561523,0.23472943902015686,0.0003098841698374599,1.0541222095489502,0.26379305124282837,0.00043710434692911804,0.9154877066612244,0.2611991763114929,0.00043223099783062935,0.9295669794082642,-0.11112332344055176,4.8871839680941775e-05,1.0565094947814941,0.005941503215581179,0.00038276321720331907,0.9360004663467407,0.04234591871500015,0.0005447366274893284,0.8044641613960266,0.033151522278785706,0.0005308541585691273,0.8451759219169617,-0.3286868631839752,9.229870192939416e-05,0.9397280216217041,-0.19889357686042786,0.0003876973350998014,0.8223787546157837,-0.16861577332019806,0.0006055196281522512,0.7090925574302673,-0.16791591048240662,0.0007160896784625947
rock,724DhutGELMHY1uD.png,0.0,0.0,0.0,0.13515430688858032,0.603999674320221,-0.0002682298654690385,0.9874429702758789,0.9526839256286621,-0.0005727492971345782,1.2177708148956299,0.7404001951217651,-0.0006351638585329056,0.8744274377822876,0.6656882166862488,-0.0008516106172464788,1.3772566318511963,0.711426854133606,-0.0011813977034762502,1.1950633525848389,0.7345491647720337,-0.0013250004267320037,0.9846287369728088,0.7345983386039734,-0.0013506743125617504,0.969299852848053,0.245880588889122,-0.0007988222641870379,1.331673502922058,0.42040586471557617,-0.000890250492375344,1.1817209720611572,0.4624331593513489,-0.0008401708328165114,1.0111415386199951,0.423732191324234,-0.0008367968839593232,1.0133600234985352,-0.09556908160448074,-0.0007221702253445983,1.26362144947052,0.11896587908267975,-0.0006755658541806042,1.1282545328140259,0.163230299949646,-0.00045237966696731746,0.9803926944732666,0.13370785117149353,-0.0003650179714895785,1.0204106569290161,-0.3650605082511902,-0.0006633515586145222,1.2308214902877808,-0.10831190645694733,-0.0005520581617020071,1.0877845287322998,-0.07598625123500824,-0.00026531179901212454,0.9576951861381531,-0.12249546498060226,-6.754523928975686e-05
rock,7Dh4gBDJVdP9tTLr.png,0.0,0.0,0.0,0.1716252714395523,-0.5035464763641357,1.1035981515306048e-05,0.9438966512680054,-0.9598212838172913,-0.00014871754683554173,1.2256935834884644,-0.8708484172821045,-0.0001298225106438622,0.8203118443489075,-0.7190660238265991,-0.0002268786047352478,1.1865378618240356,-0.6970018744468689,-0.00025222558178938925,1.0289267301559448,-0.6573866009712219,-0.0001543806865811348,0.8673127889633179,-0.6434860229492188,-7.965471741044894e-05,0.9170602560043335,-0.39874839782714844,-0.00029598656692542136,1.2275426387786865,-0.4299251139163971,-0.000193330692127347,1.102729320526123,-0.3997553884983063,-5.719425462302752e-05,0.9542011618614197,-0.37178611755371094,-1.4123944310995284e-05,0.9850068688392639,-0.08163349330425262,-0.0003323856508359313,1.2410998344421387,-0.162074476480484,-0.0002570413053035736,1.1328669786453247,-0.13318663835525513,-4.4850432459497824e-05,0.9913937449455261,-0.10476987063884735,5.117421824252233e-05,1.0238772630691528,0.20736365020275116,-0.00035466134431771934,1.2798774242401123,0.08917292952537537,-0.0002683597558643669,1.1713767051696777,0.11570704728364944,-9.45491592574399e-06,1.0440752506256104,0.16161778569221497,0.00018045805336441845
rock,7gcPqW9meL8zJHFF.png,0.0,0.0,0.0,0.12754450738430023,-0.5016326308250427,-2.821551970555447e-05,0.9202278256416321,-0.9234711527824402,-0.00010694725642679259,1.2178285121917725,-0.8833958506584167,-3.1245934223989025e-05,0.8669141530990601,-0.6465552449226379,-0.0001080708607332781,1.1811258792877197,-0.6621512174606323,-6.607772957067937e-05,1.0121639966964722,-0.6574889421463013,6.063345790607855e-05,0.844475269317627,-0.6287894248962402,0.00014903265400789678,0.944139838218689,-0.3295448422431946,-0.00014021943206898868,1.2251418828964233,-0.4065808355808258,-6.195422429300379e-06,1.0918188095092773,-0.4123535752296448,0.00012756734213326126,0.9359867572784424,-0.37403160333633423,0.00017385200771968812,0.9784835577011108,-0.035919271409511566,-0.00015147610974963754,1.2204537391662598,-0.14539238810539246,-7.531678420491517e-05,1.1042662858963013,-0.1513599157333374,0.0001105130068026483,0.9526166915893555,-0.11643674224615097,0.00019646792497951537,0.9860547184944153,0.22242173552513123,-0.00015334822819568217,1.225658893585205,0.09950026869773865,-8.49712232593447e-05,1.126023292541504,0.09373650699853897,0.00012504044570960104,0.9938175678253174,0.14156603813171387,0.00028523500077426434
rock,7NqXwATGidLt6kZY.png,0.0,0.0,0.0,0.18667837977409363,0.4873831272125244,-0.00011823044042102993,1.057355523109436,0.8249576687812805,-0.00017319656035397202,1.27718186378479,0.6434528231620789,-0.0001704729802440852,0.9577986001968384,0.5600972175598145,-0.00033677805913612247,1.3211292028427124,0.4634334444999695,-0.00048485939623788,1.1716266870498657,0.4722147583961487,-0.000605085282586515,0.9985470771789551,0.5078422427177429,-0.0006660079816356301,0.9754990935325623,0.22000324726104736,-0.00034228444565087557,1.2711056470870972,0.19045637547969818,-0.0003193043521605432,1.1292486190795898,0.21012547612190247,-0.0002947068715002388,0.9754416346549988,0.2184055894613266,-0.00032625129097141325,0.9497137665748596,-0.09285496175289154,-0.000333191390382126,1.1877942085266113,-0.0709288939833641,-0.00028103962540626526,1.062893271446228,-0.042969223111867905,-0.0001167294176411815,0.9201678037643433,-0.036531753838062286,-6.584857328562066e-05,0.8935378789901733,-0.36837276816368103,-0.0003297207586001605,1.1106032133102417,-0.2940213084220886,-0.00024806775036267936,0.9881227612495422,-0.276141494512558,-4.279644144844497e-06,0.8672419786453247,-0.2779342234134674,0.00016595078341197222
rock,7O4sybfz26sg4yrF.png,0.0,0.0,0.0,0.4102925658226013,0.4088039994239807,-4.678940968005918e-05,1.3058396577835083,0.4453940689563751,-0.00012208228872623295,1.5851637125015259,0.31696799397468567,-0.00012884890020359308,1.09549880027771,0.1816292256116867,-0.00024299541837535799,1.4731348752975464,0.08364419639110565,-0.0004645157023333013,1.3083727359771729,0.18472591042518616,-0.0006232387386262417,1.1254372596740723,0.24709980189800262,-0.0006793413194827735,0.9923032522201538,-0.12383139133453369,-0.00027793823392130435,1.3269041776657104,-0.14421287178993225,-0.00029367589741013944,1.1959960460662842,-0.04312794655561447,-0.00028989536804147065,1.0333629846572876,0.0038023164961487055,-0.0003264229162596166,0.8591679930686951,-0.38186705112457275,-0.0003056880959775299,1.1137350797653198,-0.3349061608314514,-0.0002441820106469095,1.0104169845581055,-0.2540394961833954,-7.133491453714669e-05,0.8668590784072876,-0.2222406566143036,-1.3605140338768251e-05,0.719138503074646,-0.5894503593444824,-0.00034136869362555444,0.9495466947555542,-0.5060009360313416,-0.00022771944350097328,0.8498713374137878,-0.4358901381492615,1.8013677618000656e-05,0.7256780862808228,-0.40921175479888916,0.0001871878484962508
rock,7wFK6yhjKaNkhwZs.png,0.0,0.0,0.0,0.3209556043148041,0.45010995864868164,9.537154255667701e-05,1.145679235458374,0.6454227566719055,3.973413913627155e-05,1.4400056600570679,0.5848474502563477,3.0630639230366796e-05,1.0123915672302246,0.43272140622138977,-0.00021769337763544172,1.4022992849349976,0.3296092748641968,-0.00033330341102555394,1.2407493591308594,0.37005335092544556,-0.0003654236497823149,1.0485553741455078,0.40270188450813293,-0.0003386914322618395,0.9926421046257019,0.12108450382947922,-0.00029392342548817396,1.2964564561843872,0.10128851979970932,-0.0002302523935213685,1.1500017642974854,0.14881731569766998,-0.00014162615116219968,0.9852821826934814,0.17221929132938385,-0.0001315577537752688,0.92439866065979,-0.15468326210975647,-0.00033432888449169695,1.1245274543762207,-0.10568013042211533,-0.00018755087512545288,1.0036956071853638,-0.059458740055561066,3.408852353459224e-05,0.8628197312355042,-0.040175627917051315,0.00010253814252791926,0.8287413716316223,-0.3879363238811493,-0.00036962563171982765,0.9751798510551453,-0.28743594884872437,-0.00020053586922585964,0.8471531271934509,-0.2536245286464691,5.8237823395757005e-05,0.7289950251579285,-0.24695338308811188,0.000228810531552881
rock,7xID6kq32pdkEBIe.png,0.0,0.0,0.0,0.3438655734062195,0.3703273832798004,0.00011444650590419769,1.1245867013931274,0.49771201610565186,0.00011257035657763481,1.3388534784317017,0.36828649044036865,0.00011280604667263106,1.04240083694458,0.2444249391555786,-9.176004823530093e-05,1.263474941253662,0.1889197677373886,-3.5445875255391e-05,1.0983928442001343,0.2147812694311142,-2.7848909667227417e-05,0.9578303098678589,0.2435695230960846,-3.148127143504098e-05,0.9990828037261963,-0.04282025247812271,-0.00015817407984286547,1.1435598134994507,-0.027926387265324593,7.80861300881952e-05,1.0124446153640747,0.01631002500653267,0.0001554137998027727,0.8812025189399719,0.040823884308338165,0.00011224624904571101,0.893989086151123,-0.28810644149780273,-0.00017517291416879743,0.9894729852676392,-0.22610728442668915,9.461594163440168e-05,0.8793936967849731,-0.18204578757286072,0.0002479171962477267,0.7494480609893799,-0.16054083406925201,0.00023697418509982526,0.770594596862793,-0.4911852180957794,-0.000186444929568097,0.8507664203643799,-0.4017729163169861,6.163162470329553e-05,0.7442697286605835,-0.36012977361679077,0.00028659688541665673,0.6383432149887085,-0.34037506580352783,0.0004116824420634657
rock,7YpH9C6XA1GIbSum.png,0.0,0.0,0.0,0.2773338556289673,0.40782564878463745,0.00013584736734628677,1.0157018899917603,0.6698712706565857,0.0002748588449321687,1.2569594383239746,0.5921199917793274,0.0003483213949948549,0.9910334348678589,0.4236849546432495,0.00016056743334047496,1.2533420324325562,0.3870478570461273,0.0001973213511519134,1.1046416759490967,0.3957085609436035,0.00014369565178640187,0.9504881501197815,0.4132445454597473,0.00011397216439945623,0.9879727363586426,0.15462802350521088,0.00010768962965812534,1.1776206493377686,0.1569233238697052,0.00032230178476311266,1.0584064722061157,0.18280355632305145,0.000346203800290823,0.9253365397453308,0.2018004059791565,0.00029757979791611433,0.9278429746627808,-0.09748577326536179,8.103292202576995e-05,1.0498703718185425,-0.041777532547712326,0.0003151973069179803,0.952850878238678,-0.010391921736299992,0.00041217534453608096,0.8245192170143127,-0.002199450507760048,0.0003956662258133292,0.842866837978363,-0.3220514953136444,6.026380287948996e-05,0.9320460557937622,-0.23393788933753967,0.0002910448529291898,0.8324875235557556,-0.20630548894405365,0.0004879219923168421,0.7193982005119324,-0.20055712759494781,0.0006143313366919756
rock,81eTWj04M9fRjy51.png,0.0,0.0,0.0,0.35718628764152527,0.3775483965873718,7.930844003567472e-05,1.1504708528518677,0.5005373954772949,1.6025662262109108e-05,1.4411262273788452,0.43519195914268494,6.899879849697754e-07,1.0409706830978394,0.28982123732566833,-0.00012627572868950665,1.449794888496399,0.18780824542045593,-0.00033511852961964905,1.3168963193893433,0.2554280757904053,-0.0004819108289666474,1.1332533359527588,0.3109974265098572,-0.0005152414087206125,0.9999834895133972,0.005739203654229641,-0.00021726585691794753,1.3744832277297974,-0.03317610174417496,-0.00021964831103105098,1.2491812705993652,0.03546406328678131,-0.00019343687745276839,1.0839003324508667,0.07299534231424332,-0.000203056275495328,0.919249951839447,-0.25263354182243347,-0.00029337574960663915,1.2642642259597778,-0.2522698640823364,-0.0002444525307510048,1.160323977470398,-0.18493379652500153,-5.2228584536351264e-05,1.0057718753814697,-0.15020796656608582,3.8804391806479543e-05,0.8266221284866333,-0.4706040024757385,-0.00036303160595707595,1.1539555788040161,-0.4396408796310425,-0.00029233997338451445,1.0545129776000977,-0.37555602192878723,-2.9984019420226105e-05,0.9132673740386963,-0.3472740650177002,0.00017215489060617983
rock,82wZr9Bpl9vfsoG1.png,0.0,0.0,0.0,-0.029928812757134438,-0.5169122815132141,-0.00016855981084518135,0.6328561902046204,-1.1556185483932495,-0.00026300971512682736,0.9281063675880432,-1.1956098079681396,-0.00018078053835779428,0.6273263096809387,-0.888114869594574,-0.0002985712781082839,0.9010884761810303,-0.9651626348495483,-0.0002484967699274421,0.7456720471382141,-0.8987197279930115,-0.00011098137474618852,0.599756121635437,-0.8241702318191528,-2.994003261846956e-05,0.8058521151542664,-0.5921167731285095,-0.00024846731685101986,1.004575490951538,-0.7091913223266602,-0.00010946720431093127,0.8725706934928894,-0.671745240688324,7.1907297751749866e-06,0.7435933351516724,-0.5917055010795593,2.9553875720012e-05,0.9286865592002869,-0.3038732409477234,-0.00017783559451345354,1.0677109956741333,-0.44237402081489563,-0.00012771533511113375,0.956667423248291,-0.4154542088508606,-3.1366773782792734e-06,0.8337093591690063,-0.3394864797592163,3.82115576940123e-05,1.0171418190002441,-0.04691667482256889,-0.00010218520037597045,1.1523667573928833,-0.20269624888896942,-6.673084135400131e-05,1.0547312498092651,-0.1691463589668274,9.08088477444835e-05,0.9584073424339294,-0.08649008721113205,0.0002148390922229737
rock,84UHPxArtBOr8GF2.png,0.0,0.0,0.0,0.11177776008844376,0.5884503722190857,-0.0002443621342536062,0.9849849939346313,1.0734564065933228,-0.000602991902269423,1.3111475706100464,0.9990798830986023,-0.0006509902304969728,0.7309039831161499,0.8622313737869263,-0.0010759381111711264,1.3973009586334229,1.115762710571289,-0.0015391664346680045,1.2357139587402344,1.0736453533172607,-0.0015614363364875317,1.0360695123672485,1.0009942054748535,-0.0014536366797983646,0.8876715898513794,0.46047595143318176,-0.001065588090568781,1.5266366004943848,0.7842159271240234,-0.0014295452274382114,1.315688133239746,0.7575527429580688,-0.0012703867396339774,1.0892953872680664,0.6622318625450134,-0.0010729188797995448,1.0113499164581299,0.09088775515556335,-0.0010315270628780127,1.5197302103042603,0.4325825572013855,-0.0011845198459923267,1.3314528465270996,0.4347238838672638,-0.0008489964529871941,1.1313246488571167,0.3430465757846832,-0.0006013577221892774,1.0925612449645996,-0.20764003694057465,-0.0009995860746130347,1.496860384941101,0.12539254128932953,-0.0009883861057460308,1.3440005779266357,0.14798365533351898,-0.0006686213309876621,1.1793017387390137,0.05929497256875038,-0.0004210970364511013
rock,86KzO2PHymh6qYQ4.png,0.0,0.0,0.0,0.27562886476516724,0.4245292842388153,-0.0001032896398101002,0.9883984923362732,0.5521742105484009,-5.303000580170192e-05,1.1972507238388062,0.4877060651779175,2.38039738178486e-05,1.0558538436889648,0.16363580524921417,-0.00010513413872104138,1.2407687902450562,0.24814856052398682,-5.7080978876911104e-05,1.0964264869689941,0.32821571826934814,-9.113186388276517e-05,0.9712790846824646,0.33830899000167847,-0.00012972665717825294,0.9910303950309753,-0.13363653421401978,-6.389842019416392e-05,1.1903854608535767,-0.004257672931998968,0.00011658450966933742,1.0758413076400757,0.08902977406978607,0.00014704182103741914,0.9366292953491211,0.08513863384723663,8.792647713562474e-05,0.8575648665428162,-0.35952436923980713,-5.997416337777395e-06,1.074277639389038,-0.24332185089588165,0.00013008544920012355,0.9866231083869934,-0.1575094312429428,0.00021631699928548187,0.8447279930114746,-0.15457400679588318,0.0002054109936580062,0.7088372707366943,-0.5262406468391418,5.1591621740954e-05,0.9292864799499512,-0.43463772535324097,0.00013608881272375584,0.868533194065094,-0.3576805293560028,0.0002976880641654134,0.7561877965927124,-0.33856362104415894,0.0004062902007717639
rock,8EjcPHxZBpTtX8bM.png,0.0,0.0,0.0,0.29823628067970276,-0.42128077149391174,0.00017457867215853184,1.1030572652816772,-0.7276461720466614,0.00013760087313130498,1.2825322151184082,-0.5589934587478638,0.0001518873468739912,0.9656124114990234,-0.5495975017547607,-2.4140055757015944e-05,1.2285661697387695,-0.38945987820625305,6.09166563663166e-05,1.0627530813217163,-0.36611297726631165,0.00013444796786643565,0.9330478310585022,-0.4031122028827667,0.00014821640797890723,0.9648854732513428,-0.2626711428165436,-0.00017591803043615073,1.1954476833343506,-0.16277864575386047,5.4162886954145506e-05,1.0498652458190918,-0.156978040933609,0.00020415733160916716,0.8988857269287109,-0.16971147060394287,0.00022749320487491786,0.9328963756561279,0.01521472167223692,-0.0002821852976921946,1.1194790601730347,0.05248347297310829,-3.8712747482350096e-05,1.002158522605896,0.048983316868543625,0.00018859835108742118,0.8488615155220032,0.03717506304383278,0.0002464062417857349,0.8749942183494568,0.2729543149471283,-0.0003754626668523997,0.999620258808136,0.23430177569389343,-9.87183375400491e-05,0.8877965807914734,0.22976666688919067,0.0002046179724857211,0.77203369140625,0.23603178560733795,0.0003770997282117605
rock,8HKeT2oFz3gPSW0p.png,0.0,0.0,0.0,0.24294017255306244,0.4236067533493042,0.00014454057964030653,1.0149743556976318,0.6438029408454895,0.00024804743588902056,1.2633990049362183,0.5828773975372314,0.00029576855013146996,0.9966875910758972,0.4149824380874634,5.147575393493753e-06,1.2879579067230225,0.3380650281906128,6.1879627537564375e-06,1.1294786930084229,0.3325084447860718,-1.2875800166511908e-05,0.9565922617912292,0.3512346148490906,-9.72926318354439e-06,0.9921712279319763,0.12488441169261932,-7.426318188663572e-05,1.1690454483032227,0.10299611836671829,0.00012347716256044805,1.0248304605484009,0.1284874826669693,0.0001846159138949588,0.8750545382499695,0.14915038645267487,0.00015358231030404568,0.9168345928192139,-0.1350173056125641,-0.00012008008343400434,0.9914420247077942,-0.10118290781974792,8.548146433895454e-05,0.8717946410179138,-0.0659455955028534,0.00019184945267625153,0.7432348728179932,-0.05077720806002617,0.00017795646272134036,0.8182277083396912,-0.36027851700782776,-0.00015502337191719562,0.8752408027648926,-0.29428938031196594,4.391729453345761e-05,0.759259045124054,-0.26950353384017944,0.00022861768957227468,0.6541915535926819,-0.2563164234161377,0.0003412415971979499
rock,8pAWVg9BVmtha8LM.png,0.0,0.0,0.0,0.27774274349212646,0.4349515736103058,3.3254869777010754e-05,1.1127666234970093,0.6950331330299377,7.013335562078282e-05,1.2836772203445435,0.5051987171173096,0.00010800575546454638,1.0203759670257568,0.35126450657844543,-0.00015897552657406777,1.2787373065948486,0.3191071152687073,-8.309349504997954e-05,1.1157844066619873,0.3455101549625397,-8.612486999481916e-05,0.9683817625045776,0.37494465708732605,-0.00011640629963949323,0.998974621295929,0.04527296498417854,-0.0001816470321500674,1.1948286294937134,0.08297758549451828,5.939482798567042e-05,1.0624195337295532,0.1238597184419632,0.0001313390239374712,0.9301044940948486,0.13554854691028595,7.512803131248802e-05,0.9190781116485596,-0.21902789175510406,-0.00015688619168940932,1.0767472982406616,-0.14020341634750366,0.00010640209802659228,0.9706137180328369,-0.09428134560585022,0.0002527530596125871,0.8401557803153992,-0.08744039386510849,0.00023030648299027234,0.8173174262046814,-0.44089850783348083,-0.00012896688713226467,0.9553062915802002,-0.33535146713256836,0.0001075090331141837,0.8546061515808105,-0.29641205072402954,0.00033429963514208794,0.7438560128211975,-0.2886647880077362,0.00045105794561095536
rock,8pxbBnbfqzX3ijVM.png,0.0,0.0,0.0,0.2517143487930298,-0.4818410575389862,0.0001373197155771777,1.0780565738677979,-0.742534875869751,0.0001649810146773234,1.35748291015625,-0.739504873752594,0.00024725552066229284,0.9796778559684753,-0.46782436966896057,-6.971356924623251e-05,1.2976250648498535,-0.5231347680091858,6.462692545028403e-05,1.1040129661560059,-0.5540066361427307,0.00022305359016172588,0.9401034712791443,-0.5247513651847839,0.0003206415567547083,0.9882211685180664,-0.15303181111812592,-0.00014099135296419263,1.2653958797454834,-0.2647942304611206,0.00015602873463649303,1.1159772872924805,-0.32101136445999146,0.00037483597407117486,0.9694979786872864,-0.2936015725135803,0.00043149859993718565,0.9444496035575867,0.11784018576145172,-0.00016573717584833503,1.1838105916976929,-0.01210919488221407,7.631033804500476e-05,1.064578652381897,-0.06345301121473312,0.0003327880403958261,0.9189042448997498,-0.04497336596250534,0.00040330103365704417,0.8840375542640686,0.34526851773262024,-0.000167316451552324,1.095216155052185,0.2124490737915039,6.910803494974971e-05,0.9829654693603516,0.16919231414794922,0.0003774494107346982,0.8605512976646423,0.19510099291801453,0.0005569070344790816
rock,8vkvSVmLwxY1SH3p.png,0.0,0.0,0.0,0.253853440284729,0.4495302736759186,0.00021460498101077974,1.014520525932312,0.7297783493995667,0.00041517370846122503,1.2607154846191406,0.6872411966323853,0.0005017159855924547,0.9699625968933105,0.486982524394989,0.0002297908504260704,1.2456856966018677,0.42570167779922485,0.00037043451447971165,1.1077218055725098,0.40750789642333984,0.00041028851410374045,0.9616171717643738,0.4206198453903198,0.0004252757062204182,0.98036789894104,0.19717705249786377,0.00015185408119577914,1.1670358180999756,0.18230751156806946,0.0004482369404286146,1.0457432270050049,0.1932941973209381,0.0005144856404513121,0.9124437570571899,0.20852793753147125,0.00046605156967416406,0.9269909262657166,-0.06832893192768097,0.00011456628271844238,1.054650902748108,-0.03732653707265854,0.00040345825254917145,0.9481186866760254,-0.008769763633608818,0.0005091284983791411,0.819793701171875,-0.0015304656699299812,0.0004727338964585215,0.8443271517753601,-0.30354970693588257,9.431256330572069e-05,0.9476237893104553,-0.23960697650909424,0.00034433096880093217,0.8415409922599792,-0.21938110888004303,0.0005413847393356264,0.7320963144302368,-0.2132343351840973,0.0006518457666970789
rock,8WivsxbidGW1wvnx.png,0.0,0.0,0.0,0.2632628083229065,0.511278510093689,4.033021104987711e-05,1.116455316543579,0.7754021286964417,9.657020564191043e-05,1.3803253173828125,0.6793369650840759,0.00015040987636893988,0.9921553730964661,0.47341206669807434,-6.238361675059423e-05,1.3586275577545166,0.43417397141456604,-0.00012067052739439532,1.192925214767456,0.4811234474182129,-0.00017718496383167803,1.0152809619903564,0.5056170225143433,-0.00019444302597548813,0.988792359828949,0.1492975801229477,-8.75490513863042e-05,1.2725982666015625,0.19313263893127441,2.5524570446577854e-05,1.1229939460754395,0.2520647346973419,6.651030707871541e-05,0.9663550853729248,0.2652494013309479,3.509769885567948e-05,0.9286975264549255,-0.12276578694581985,-9.043212776305154e-05,1.1136888265609741,-0.02653214894235134,7.269994239322841e-05,0.9948004484176636,0.030389579012989998,0.00022013399575371295,0.8608940839767456,0.03462599590420723,0.00023981738195288926,0.8407025933265686,-0.3514147102832794,-9.3005524831824e-05,0.9853575825691223,-0.2242221236228943,8.124629675876349e-05,0.8672848343849182,-0.19299666583538055,0.00029657490085810423,0.7520449757575989,-0.19238683581352234,0.0004306793271098286
rock,8xToYACSoKU0swum.png,0.0,0.0,0.0,0.26847001910209656,0.39439132809638977,7.66700177337043e-05,1.0813215970993042,0.6104480624198914,0.00017393963935319334,1.3029487133026123,0.4848070740699768,0.00022252787312027067,1.0171371698379517,0.2929724454879761,1.5552546756225638e-05,1.2297154664993286,0.28001201152801514,8.416413038503379e-05,1.069422721862793,0.30044835805892944,5.9028981922892854e-05,0.9273157715797424,0.3095504939556122,2.721806595218368e-05,0.9999926686286926,0.00383488810621202,-2.5957420803024434e-05,1.1574656963348389,0.038656219840049744,0.00020954410138074309,1.0198493003845215,0.08037268370389938,0.00023301783949136734,0.8811336159706116,0.08942397683858871,0.00016668555326759815,0.9135130643844604,-0.25415197014808655,-3.1831332307774574e-05,1.0099307298660278,-0.19305092096328735,0.00021948434005025774,0.8921644687652588,-0.13805769383907318,0.0003086535434704274,0.7607803344726562,-0.12612855434417725,0.0002680472971405834,0.8019612431526184,-0.46611496806144714,-3.212434967281297e-05,0.8837247490882874,-0.3899822533130646,0.00018812614143826067,0.7711189389228821,-0.34683987498283386,0.00037433765828609467,0.6601424217224121,-0.32938992977142334,0.00047803137567825615
rock,8zsAtTLXniXCu2Jx.png,0.0,0.0,0.0,0.1624022126197815,-0.4375261962413788,-0.00010106591071235016,0.6883283257484436,-0.49656903743743896,-0.00022716334206052125,0.7690274119377136,-0.27445945143699646,-0.0002814161707647145,0.9588698744773865,-0.4110017716884613,3.264109636802459e-06,0.9329878687858582,-0.4890992343425751,-3.172070501022972e-05,0.7670257687568665,-0.4637540876865387,-0.00018195156008005142,0.6432370543479919,-0.4114481508731842,-0.00031155688338913023,0.9915866255760193,-0.12944462895393372,-1.5055195035529323e-05,0.9381139874458313,-0.22681191563606262,7.116439519450068e-05,0.7871182560920715,-0.230442613363266,-1.3082158147881273e-05,0.6485302448272705,-0.1955927610397339,-0.00011255980643909425,0.9281922578811646,0.11125125735998154,-3.161517815897241e-05,0.8728660345077515,-0.00940904300659895,8.742764293856453e-06,0.7453255653381348,-0.04018435999751091,-1.6242038327618502e-05,0.6190650463104248,-0.02787177823483944,-5.564741513808258e-05,0.8194484114646912,0.3041074573993683,-6.045102054486051e-05,0.7881584167480469,0.1829497069120407,-2.6291870653949445e-06,0.6794754862785339,0.12814396619796753,0.00011388186976546422,0.5812997221946716,0.11701693385839462,0.00021595542784780264
rock,91nHRDpe6EROWOyY.png,0.0,0.0,0.0,-0.31418856978416443,0.44554388523101807,1.674709710641764e-05,-0.013071730732917786,1.411252737045288,-0.0001813502749428153,0.19365288317203522,1.6486051082611084,-0.00028848517104052007,-0.07532405853271484,1.1472718715667725,-8.060395339271054e-05,0.3643951416015625,1.5173436403274536,-0.0005041089607402682,0.3286547362804413,1.3432968854904175,-0.000782242335844785,0.20031411945819855,1.1804031133651733,-0.000924242427572608,0.20372916758060455,0.979027271270752,-0.0002686029765754938,0.5930663347244263,1.3179028034210205,-0.0005742117646150291,0.48956701159477234,1.1461148262023926,-0.0006620765780098736,0.3509301543235779,1.0030250549316406,-0.0007121479138731956,0.43720465898513794,0.7734227776527405,-0.00046931265387684107,0.7542357444763184,1.0670490264892578,-0.0008162931771948934,0.641236424446106,0.9149694442749023,-0.0006830522324889898,0.49614396691322327,0.798215925693512,-0.0005457705119624734,0.6264891624450684,0.5467913746833801,-0.0006531098624691367,0.8456242680549622,0.8028537034988403,-0.0008979140548035502,0.7558380961418152,0.661763608455658,-0.0006985364598222077,0.6390029191970825,0.5400078892707825,-0.0004913045559078455
rock,96Sw16ZnG0zF8Qo0.png,0.0,0.0,0.0,0.2735135555267334,-0.4100020229816437,0.00015986959624569863,1.0491570234298706,-0.701396644115448,0.00027039277483709157,1.2837258577346802,-0.5662814974784851,0.0003877764684148133,0.9909117221832275,-0.43946442008018494,0.0001244917802978307,1.1874648332595825,-0.41307851672172546,0.00047816408914513886,1.0141477584838867,-0.4178018569946289,0.0007358030416071415,0.894015908241272,-0.4220879375934601,0.0008484669378958642,0.9902632236480713,-0.1392074078321457,9.797426173463464e-05,1.1543195247650146,-0.18244802951812744,0.0005671228864230216,1.0246810913085938,-0.20779308676719666,0.0007818127633072436,0.8799023628234863,-0.20380227267742157,0.0008053902420215309,0.926605761051178,0.12319961190223694,0.00013295086682774127,1.039406657218933,0.03915224224328995,0.000573134224396199,0.933217465877533,0.0027635651640594006,0.0007754641701467335,0.7875224947929382,0.0015547845978289843,0.0007632144843228161,0.8416763544082642,0.35732051730155945,0.00018749242008198053,0.9282620549201965,0.2400188446044922,0.0005779417115263641,0.8208763003349304,0.19301530718803406,0.0008409269503317773,0.7088950276374817,0.19468291103839874,0.000950742163695395
rock,9a9TiJDB5oAWqO9U.png,0.0,0.0,0.0,0.24589896202087402,0.489628404378891,-8.365774556295946e-05,1.1136118173599243,0.7682141661643982,-0.00022982974769547582,1.4344747066497803,0.8367407321929932,-0.00026188974152319133,0.9812313914299011,0.5458911061286926,-0.00038368208333849907,1.4336155652999878,0.4999729096889496,-0.0006672189338132739,1.2650574445724487,0.537205696105957,-0.000809837132692337,1.050917625427246,0.5654394030570984,-0.0008292931597679853,0.9798180460929871,0.19989095628261566,-0.0004049251729156822,1.3892971277236938,0.2266918271780014,-0.0005098523106426001,1.2175393104553223,0.2668180763721466,-0.000480781338410452,1.0221611261367798,0.26529747247695923,-0.0004681857244577259,0.9413604140281677,-0.11053723096847534,-0.0004192566848360002,1.28038489818573,-0.03327920660376549,-0.000444695440819487,1.130369782447815,0.008449060842394829,-0.00022494625591207296,0.9583061337471008,0.010571232065558434,-0.00010393986303824931,0.8795948028564453,-0.36986243724823,-0.0004360113525763154,1.1589958667755127,-0.25365832448005676,-0.0004112853202968836,1.0195066928863525,-0.21474406123161316,-0.00015922324382700026,0.8769498467445374,-0.21487507224082947,3.8410504203056917e-05
rock,9buKAwFejr8MhkAF.png,0.0,0.0,0.0,0.2110079973936081,-0.4513559341430664,5.5769956816220656e-05,0.9333580732345581,-0.794486939907074,8.389575668843463e-05,1.138839840888977,-0.6643960475921631,0.00014578545233234763,0.946601152420044,-0.5033798813819885,0.00011162739247083664,1.1140432357788086,-0.5441176295280457,0.00021432210633065552,0.9314156174659729,-0.5514575839042664,0.0002464150311425328,0.787006139755249,-0.5214303731918335,0.0002424672566121444,0.9768482446670532,-0.21393324434757233,7.953405292937532e-05,1.0777015686035156,-0.32014399766921997,0.00031991821015253663,0.9393813014030457,-0.33428987860679626,0.0004046589892823249,0.8078281879425049,-0.2900070548057556,0.0003899005241692066,0.94980388879776,0.04410926625132561,6.893493264215067e-05,1.005833625793457,-0.0938253328204155,0.0002546102332416922,0.8922762274742126,-0.11324155330657959,0.0003638407215476036,0.7571526765823364,-0.08305829763412476,0.000367940025171265,0.8956732749938965,0.263505220413208,6.773995846742764e-05,0.9337776303291321,0.11198017001152039,0.00025773842935450375,0.825383186340332,0.08834186941385269,0.0004507373087108135,0.7220785617828369,0.120433509349823,0.0005689916433766484
rock,9ElQEC0AP2RtKdOo.png,0.0,0.0,0.0,0.2681241035461426,0.40715572237968445,0.00015010668721515685,1.0311888456344604,0.6118084192276001,0.0003037820279132575,1.2180386781692505,0.47947564721107483,0.0003773228672798723,1.0159591436386108,0.36191436648368835,1.0054433914774563e-05,1.2361485958099365,0.28773826360702515,0.00017679703887552023,1.0886704921722412,0.30443060398101807,0.00023884735128376633,0.9574927091598511,0.3394838869571686,0.00025008528609760106,0.9967448711395264,0.08062112331390381,-3.52743300027214e-05,1.1514647006988525,0.07480534166097641,0.00027975466218777,1.0287655591964722,0.10789324343204498,0.0003797087410930544,0.8980239033699036,0.1315191090106964,0.0003471306699793786,0.9136795997619629,-0.16860537230968475,-2.3526941731688567e-05,1.0277190208435059,-0.12266938388347626,0.00028703222051262856,0.9302744269371033,-0.08112374693155289,0.00040991330752149224,0.800313413143158,-0.06233961507678032,0.00037546895327977836,0.8087741136550903,-0.3848627805709839,-1.7408621211245645e-09,0.8987395167350769,-0.31362342834472656,0.00024453000514768064,0.7993972897529602,-0.279744029045105,0.00043160608038306236,0.6897760033607483,-0.26031702756881714,0.0005313396686688066
rock,9j89H6omx9ieI8sf.png,0.0,0.0,0.0,0.3049883544445038,-0.4487474858760834,9.146136108029168e-06,1.1686986684799194,-0.6048778295516968,-1.9597226128098555e-05,1.447191596031189,-0.5114421844482422,4.772554893861525e-05,1.034247875213623,-0.27065157890319824,-0.00014831508451607078,1.2956944704055786,-0.3369395434856415,3.692871905514039e-05,1.1111310720443726,-0.4010641574859619,0.00022152203018777072,0.9702150821685791,-0.38336488604545593,0.00031026467331685126,0.9992689490318298,0.03823043406009674,-0.00014804842066951096,1.2598893642425537,-0.0912349745631218,0.00011634179099928588,1.125116229057312,-0.1714508980512619,0.00030385126592591405,0.9755770564079285,-0.1619623601436615,0.00035233725793659687,0.9118809103965759,0.2823088467121124,-0.00010053804726339877,1.1469589471817017,0.14527632296085358,9.416830289410427e-05,1.0447055101394653,0.07142116129398346,0.00030159426387399435,0.8995227813720703,0.07175257802009583,0.0003607896505855024,0.8127816915512085,0.4754193425178528,-3.386421667528339e-05,1.010366439819336,0.335121214389801,0.00015828163304831833,0.920059323310852,0.2655765116214752,0.00041111462633125484,0.8019717335700989,0.27323001623153687,0.0005617524730041623
rock,9JYn3D5vkXtrasPJ.png,0.0,0.0,0.0,0.2964029908180237,0.39059537649154663,0.00030410735053010285,1.0571497678756714,0.48579302430152893,0.0007990431622602046,1.1705296039581299,0.3441186249256134,0.0010783455800265074,1.028272032737732,0.2336144745349884,0.00018610700499266386,1.2749621868133545,0.22010058164596558,0.0006059863371774554,1.1262224912643433,0.2741941213607788,0.000888802926056087,1.001415729522705,0.29277342557907104,0.0010286351898685098,0.998562753200531,-0.05359525606036186,0.00017377245239913464,1.2057373523712158,0.0088748624548316,0.0006813656073063612,1.06671142578125,0.07488767057657242,0.0008925389847718179,0.9371551871299744,0.07770723104476929,0.0009269703296013176,0.9126762747764587,-0.2850239872932434,0.000246251787757501,1.1056138277053833,-0.20004022121429443,0.0007587404688820243,0.9959843158721924,-0.1339109092950821,0.0009346692822873592,0.8564496040344238,-0.13270880281925201,0.000902531435713172,0.8072068691253662,-0.4689009189605713,0.00034834715188480914,1.002252221107483,-0.37899303436279297,0.000778492190875113,0.90913987159729,-0.3160114586353302,0.0010407565860077739,0.7853572964668274,-0.3001663386821747,0.001161868334747851
rock,9Ke26ZpKvhVSXl4V.png,0.0,0.0,0.0,0.2924974858760834,-0.4198954403400421,0.00016553835303056985,1.130273461341858,-0.6140959858894348,0.0002763628726825118,1.3425132036209106,-0.48144760727882385,0.0004019566113129258,1.0266672372817993,-0.3192954659461975,-2.5864523195195943e-05,1.3262933492660522,-0.3471657633781433,0.0002429313026368618,1.140303611755371,-0.404840886592865,0.00048734110896475613,0.9849271774291992,-0.3937375843524933,0.0006104872445575893,0.9999173879623413,-0.012849902734160423,-6.412714719772339e-05,1.2628872394561768,-0.11728020757436752,0.00030566027271561325,1.1264159679412842,-0.18596795201301575,0.0005469690077006817,0.9786407947540283,-0.17778459191322327,0.0006138828466646373,0.922428548336029,0.23404793441295624,-3.995735460193828e-05,1.1285738945007324,0.10208438336849213,0.00027378543745726347,1.0245954990386963,0.042859457433223724,0.0004977973876520991,0.8792823553085327,0.03860137239098549,0.0005344657693058252,0.8279098868370056,0.4320697486400604,1.1780951354012359e-05,1.000508427619934,0.30051350593566895,0.00029677117709070444,0.900861382484436,0.24411067366600037,0.0005609599757008255,0.7793383598327637,0.2527719736099243,0.0006941668107174337
rock,9kYPKMVtd4nOvSK4.png,0.0,0.0,0.0,0.2696923613548279,0.3583981692790985,0.00013721088180318475,1.0564117431640625,0.4920059144496918,0.00032069647568278015,1.225701928138733,0.32146066427230835,0.0003942606272175908,1.03207266330719,0.29477933049201965,0.0001782909530447796,1.190240502357483,0.1632007211446762,0.00035336625296622515,1.0429307222366333,0.1690826117992401,0.0003437049745116383,0.9246780276298523,0.21882149577140808,0.0002989947097375989,0.9997032284736633,0.024361489340662956,0.0001465090026613325,1.0796613693237305,-0.040429700165987015,0.00047629792243242264,0.9601799249649048,-0.0164438858628273,0.0004937133053317666,0.8312342166900635,0.024182476103305817,0.00041185671580024064,0.9006609320640564,-0.22449244558811188,0.0001584434212418273,0.9466231465339661,-0.22569021582603455,0.00046528427628800273,0.8493286967277527,-0.18554115295410156,0.0005107814213261008,0.7259042859077454,-0.14294713735580444,0.0004386677173897624,0.7868722081184387,-0.4356537163257599,0.00017934638890437782,0.8194682002067566,-0.3853808641433716,0.00042367607238702476,0.7166577577590942,-0.3503076136112213,0.0005657530855387449,0.618575930595398,-0.3150578737258911,0.0006426937761716545
rock,9OOydp53FQwUHu3u.png,0.0,0.0,0.0,0.3738879859447479,-0.39084893465042114,8.867704309523106e-05,1.0113643407821655,-0.40288805961608887,-0.00014679670857731253,1.1038291454315186,-0.19866356253623962,-0.0002137897681677714,1.0066949129104614,-0.41871345043182373,-0.00044371187686920166,1.3272972106933594,-0.32656121253967285,-0.00043451503734104335,1.163221001625061,-0.30903464555740356,-0.00030050138593651354,1.0152136087417603,-0.33625736832618713,-0.00021328736329451203,0.9968549609184265,-0.07924577593803406,-0.000560688553377986,1.2701727151870728,-0.06613151729106903,-0.00039427116280421615,1.1299375295639038,-0.07412872463464737,-0.00019173884356860071,0.9674826264381409,-0.09789728373289108,-0.00011514786456245929,0.9370452761650085,0.22427122294902802,-0.0006176165770739317,1.1157115697860718,0.15437346696853638,-0.00040786899626255035,0.9941114187240601,0.13673847913742065,-0.00016522013174835593,0.8408380746841431,0.11589378863573074,-8.75239638844505e-05,0.8422088623046875,0.47124096751213074,-0.0006633821758441627,0.9831312298774719,0.3602393567562103,-0.00043301275582052767,0.8723753690719604,0.31786224246025085,-0.00013276921526994556,0.74294114112854,0.3053995370864868,5.531892747967504e-05
rock,9sJrWSSurvaNb8FW.png,0.0,0.0,0.0,0.1702711433172226,0.5101338624954224,-4.121253368793987e-05,0.909437894821167,0.9174754023551941,-7.436314626829699e-05,1.1487725973129272,0.8573423027992249,-3.449651558184996e-05,0.9224982261657715,0.4963991940021515,-0.0001803682534955442,1.1975443363189697,0.7229318022727966,-0.00024297609343193471,0.9665472507476807,0.7329292893409729,-0.00032103623379953206,0.799833357334137,0.6576626896858215,-0.0003646331315394491,0.9797335267066956,0.20030513405799866,-0.00018128754163626581,1.189997911453247,0.478447288274765,-4.2222876800224185e-05,1.0085324048995972,0.5122730135917664,-5.30775014340179e-06,0.8839483261108398,0.4284955561161041,-5.534569208975881e-05,0.9539441466331482,-0.03809824213385582,-0.00015895962133072317,1.147464632987976,0.2396557480096817,1.835296097851824e-05,1.005915641784668,0.2824060022830963,0.00019506960234139115,0.8750205636024475,0.21470358967781067,0.00022604793775826693,0.9001401662826538,-0.22147028148174286,-0.00013969891006127,1.108620047569275,0.008018199354410172,2.674055940588005e-05,1.0029209852218628,0.05608261749148369,0.0002822897513397038,0.8870211839675903,0.020250525325536728,0.00044288698700256646
rock,9STiLxSOXvh5kjda.png,0.0,0.0,0.0,0.24783167243003845,0.476154088973999,0.00017576823302078992,1.0446882247924805,0.7719361782073975,0.0002129211788997054,1.3361223936080933,0.8378923535346985,0.0002345214888919145,0.9683845043182373,0.5115536451339722,-4.403747880132869e-05,1.3748468160629272,0.5138890743255615,-0.00011060448741773143,1.2089627981185913,0.5337592959403992,-0.0001410313998349011,1.008210301399231,0.5369616746902466,-0.00011873442417709157,0.9793515205383301,0.20216494798660278,-0.0001372525148326531,1.2937612533569336,0.2529810070991516,5.028685791330645e-06,1.1431711912155151,0.2893686890602112,0.00010648254828993231,0.9786912202835083,0.29042285680770874,0.00010614542406983674,0.9367990493774414,-0.08021436631679535,-0.00019719640840776265,1.1710567474365234,0.007046932354569435,7.113620767995599e-07,1.0375816822052002,0.04584743455052376,0.0002294632140547037,0.8898517489433289,0.04016068950295448,0.000288992072455585,0.8617398142814636,-0.32080408930778503,-0.00024372692860197276,1.0559200048446655,-0.21115073561668396,-4.250377241987735e-05,0.9249908924102783,-0.17759543657302856,0.00024123275943566114,0.796919584274292,-0.18343596160411835,0.0004213658394291997
rock,9TeUwuSOgtGgewNL.png,0.0,0.0,0.0,0.20963089168071747,0.4907822608947754,8.963028085418046e-05,0.9586201310157776,0.7997130155563354,0.00018923958123195916,1.1960963010787964,0.7220082879066467,0.00023993890499696136,0.9661377668380737,0.4842720031738281,0.0001348592631984502,1.1749969720840454,0.497437983751297,0.0002002211258513853,1.010767936706543,0.5050104260444641,0.0001590401225257665,0.8744825124740601,0.506358802318573,0.00011555537639651448,0.9820640683174133,0.18854749202728271,9.523693734081462e-05,1.134101152420044,0.26422035694122314,0.0003334979701321572,0.9968146085739136,0.2973860800266266,0.0003594414156395942,0.865542471408844,0.29067760705947876,0.00029150809859856963,0.9252788424491882,-0.06973827630281448,8.179769793059677e-05,1.011292576789856,0.03801640868186951,0.00032339661265723407,0.8998550772666931,0.08101556450128555,0.0004078419879078865,0.7728598713874817,0.06917081773281097,0.0003707069263327867,0.8415442109107971,-0.2862076461315155,7.204010762507096e-05,0.9061877727508545,-0.1702640950679779,0.00029051111778244376,0.8026891350746155,-0.1436426043510437,0.00046764235594309866,0.6945739388465881,-0.14912451803684235,0.0005677953595295548
rock,9txR3KPmEGdjo4A6.png,0.0,0.0,0.0,0.33382371068000793,0.3667978346347809,0.00010643438872648403,1.110046625137329,0.5145039558410645,0.00014116018428467214,1.2746634483337402,0.34489715099334717,0.0001393431011820212,1.0497262477874756,0.24586573243141174,-6.399127596523613e-05,1.1825653314590454,0.18262849748134613,-1.1016436474164948e-05,1.0094623565673828,0.1945641189813614,-7.410842226818204e-05,0.884601891040802,0.21574771404266357,-0.00015382154379040003,0.9992971420288086,-0.037485890090465546,-0.00014329889381770045,1.0783607959747314,-0.0402754582464695,5.9990597947034985e-05,0.9441260099411011,-0.010062494315207005,6.409379420801997e-05,0.8113449215888977,0.010611205361783504,-2.7956764824921265e-05,0.8851801156997681,-0.2862336337566376,-0.00017405138351023197,0.9245027899742126,-0.2481248676776886,4.155110218562186e-05,0.8184686899185181,-0.2101457566022873,0.00012376208906061947,0.6905898451805115,-0.1835600733757019,8.014245395315811e-05,0.7561307549476624,-0.49709925055503845,-0.00019967569096479565,0.7926278710365295,-0.43142208456993103,-1.2585938748088665e-05,0.6886937618255615,-0.3913033902645111,0.00015694745525252074,0.5838605165481567,-0.36235660314559937,0.00025284008006565273
rock,9Xi2VuW7sti2BV2H.png,0.0,0.0,0.0,0.27404895424842834,0.45422250032424927,0.00011754639126593247,1.0443317890167236,0.6775342226028442,0.0002521308488212526,1.2958649396896362,0.6345813274383545,0.00033233038266189396,1.0021530389785767,0.3990286588668823,9.386787860421464e-05,1.2351610660552979,0.3960619270801544,0.0001871927233878523,1.057874321937561,0.41265156865119934,0.0002131419605575502,0.9074993133544922,0.4194258153438568,0.00022455536236520857,0.9957112073898315,0.09251610934734344,5.365573815652169e-05,1.1721831560134888,0.15723739564418793,0.0003045556659344584,1.0235249996185303,0.19337742030620575,0.00037553993752226233,0.8809452652931213,0.19645163416862488,0.0003430894576013088,0.919605553150177,-0.1693795621395111,4.6574597945436835e-05,1.030461072921753,-0.06822182238101959,0.0003099976747762412,0.9050684571266174,-0.023943495005369186,0.0004310158547013998,0.7705652117729187,-0.026178967207670212,0.00041353332926519215,0.8163168430328369,-0.3863239586353302,4.6965218643890694e-05,0.9071196913719177,-0.2709902226924896,0.00027866713935509324,0.789157509803772,-0.23897214233875275,0.00047683517914265394,0.6782575845718384,-0.23700986802577972,0.0005898876115679741
rock,9Ylbn7DgtTyKKNuM.png,0.0,0.0,0.0,0.3041103780269623,0.40048325061798096,6.670892616966739e-05,1.1028356552124023,0.5985152125358582,9.203685476677492e-05,1.3328876495361328,0.482907235622406,0.0001256673422176391,1.0301839113235474,0.3236028552055359,-0.00010239241237286478,1.3059285879135132,0.3028208613395691,-5.002947727916762e-05,1.1446610689163208,0.35340505838394165,-4.3448533688206226e-05,1.0035454034805298,0.3734513521194458,-4.140479722991586e-05,0.9992274045944214,0.03930063173174858,-0.00013789690274279565,1.2264699935913086,0.08539354801177979,4.5336280891206115e-05,1.0923751592636108,0.1435116082429886,9.42351107369177e-05,0.9491342306137085,0.15160226821899414,6.0287475207587704e-05,0.9136799573898315,-0.20512038469314575,-0.00012688155402429402,1.0862144231796265,-0.11721747368574142,0.00010796166316140443,0.9810284376144409,-0.06147937476634979,0.0002599318977445364,0.8480595350265503,-0.05591094121336937,0.0002690441033337265,0.8117948174476624,-0.4034745991230011,-0.00011182588787050918,0.9437724947929382,-0.2896102964878082,0.00010915492748608813,0.8408845663070679,-0.24266307055950165,0.0003350722836330533,0.72845858335495,-0.23446789383888245,0.000473150925245136
rock,A2j94231CiW6OKA0.png,0.0,0.0,0.0,0.19211876392364502,0.4492608606815338,-5.1437829824863e-05,1.0123820304870605,0.766101062297821,-2.517835582693806e-06,1.3056206703186035,0.7319255471229553,5.6574899645056576e-05,0.9564986824989319,0.5304650068283081,-0.0002119202254107222,1.3064689636230469,0.45750731229782104,-0.0003088150988332927,1.157233715057373,0.4546232223510742,-0.00038769320235587656,0.9854599833488464,0.4794171452522278,-0.00041482283268123865,0.9752631187438965,0.22104725241661072,-0.00020311865955591202,1.2434971332550049,0.1961405873298645,-0.00010897207539528608,1.1215049028396606,0.19995775818824768,-5.9883193898713216e-05,0.9833784103393555,0.21435636281967163,-8.356838225154206e-05,0.947171151638031,-0.07026240974664688,-0.00018175497825723141,1.1575593948364258,-0.05094565078616142,-6.921797466930002e-05,1.050477147102356,-0.033480480313301086,7.845037180231884e-05,0.9170837998390198,-0.023554295301437378,0.00011119838745798916,0.8892552256584167,-0.32680827379226685,-0.00016290383064188063,1.0695044994354248,-0.2550678551197052,-4.277821062714793e-05,0.9601138830184937,-0.23596499860286713,0.00016620240057818592,0.8449575901031494,-0.22862771153450012,0.000313613738398999
rock,Aa9hY8wo2ixaUNKH.png,0.0,0.0,0.0,0.21974028646945953,0.3715083599090576,-0.0004256095562595874,0.972707986831665,0.5158759951591492,-0.0007609945023432374,1.2297126054763794,0.4392538368701935,-0.0008432911708950996,0.9820680618286133,0.3193221688270569,-0.0005487873568199575,0.9552562236785889,0.37684696912765503,-0.0008014970226213336,0.7505581974983215,0.34851062297821045,-0.0010465580271556973,0.6101183891296387,0.3042300343513489,-0.0012403959408402443,0.9995264410972595,0.030769387260079384,-0.0004189905885141343,0.8936681151390076,0.08341890573501587,-0.00048009739839471877,0.7097228169441223,0.07418220490217209,-0.0005889492458663881,0.5944832563400269,0.06261046230792999,-0.000761491188313812,0.9344848394393921,-0.23072059452533722,-0.00030438852263614535,0.8148198127746582,-0.18006494641304016,-0.0003596037277020514,0.6641543507575989,-0.15501686930656433,-0.0003586506354622543,0.5593430995941162,-0.1453891098499298,-0.00043582383659668267,0.8308141827583313,-0.48008233308792114,-0.00022771916701458395,0.7439205050468445,-0.4301413595676422,-0.0002521602436900139,0.6186180710792542,-0.3723188042640686,-0.0001983430265681818,0.5376896858215332,-0.35602426528930664,-0.00017400746583007276
rock,aa9v011U1AB9hK5v.png,0.0,0.0,0.0,0.273220956325531,0.43578264117240906,2.567875708336942e-05,1.0586267709732056,0.6722429394721985,-2.0774502900167136e-06,1.299656867980957,0.5656793713569641,-9.03673662833171e-06,1.0111762285232544,0.3922182619571686,-8.540786075172946e-05,1.263630986213684,0.3401694595813751,-0.0001524687686469406,1.103643536567688,0.3479102849960327,-0.0002514346851967275,0.951113224029541,0.36463093757629395,-0.0003141973284073174,0.9954152703285217,0.09564778953790665,-0.00014630332589149475,1.185694694519043,0.1049642264842987,-3.137758176308125e-05,1.0533109903335571,0.14101171493530273,-1.589103885635268e-05,0.9114130735397339,0.15999428927898407,-7.701539288973436e-05,0.9177281856536865,-0.1691940426826477,-0.0001873861183412373,1.023877501487732,-0.10770726948976517,-6.325471622403711e-05,0.9131132960319519,-0.06495736539363861,4.587515286402777e-05,0.7848761081695557,-0.05128117650747299,4.4308490032562986e-05,0.8157034516334534,-0.39328402280807495,-0.0002284197835251689,0.8950327634811401,-0.2987213730812073,-9.451465302845463e-05,0.7840154767036438,-0.2645406723022461,9.68789536273107e-05,0.678125262260437,-0.25616830587387085,0.0002183920587413013
rock,aB0M38mmr711uzAY.png,0.0,0.0,0.0,0.21727149188518524,0.44995665550231934,0.00011813149467343464,1.0194857120513916,0.721767008304596,0.00029731777613051236,1.2351794242858887,0.6035738587379456,0.0003792750067077577,0.997454822063446,0.42898762226104736,6.424279126804322e-05,1.2132683992385864,0.38574302196502686,0.0001537253992864862,1.0589675903320312,0.38480356335639954,0.00014239613665267825,0.914467990398407,0.3995010554790497,0.00011577678378671408,0.9925570487976074,0.12178093194961548,1.1905087376362644e-05,1.131882667541504,0.14249196648597717,0.00028780550928786397,0.9944526553153992,0.17196959257125854,0.00033928529592230916,0.856842041015625,0.1822206974029541,0.0002808463468682021,0.9134493470191956,-0.14776909351348877,-3.497340458125109e-06,0.9924337267875671,-0.08624535799026489,0.00025676150107756257,0.874241292476654,-0.04386633634567261,0.00033783851540647447,0.7487120628356934,-0.035796817392110825,0.00028691222541965544,0.8088818788528442,-0.3729676306247711,-9.60622764978325e-06,0.8684471249580383,-0.2821815311908722,0.0002001055545406416,0.7461737394332886,-0.2588678300380707,0.0003732367476914078,0.6368236541748047,-0.2560040354728699,0.00046582487993873656
rock,abNcCRBP8z4cNQco.png,0.0,0.0,0.0,0.09490718692541122,0.5711361169815063,-0.0003109178214799613,0.9090330004692078,0.9738562703132629,-0.0006182071520015597,1.1468324661254883,0.7628123760223389,-0.0006980382604524493,0.8388807773590088,0.7456194162368774,-0.000817670370452106,1.2897201776504517,0.7303765416145325,-0.0011486230650916696,1.109357476234436,0.7381858229637146,-0.0013268027687445283,0.9051706194877625,0.7551236152648926,-0.0013961928198114038,0.9398225545883179,0.34166213870048523,-0.0007709137862548232,1.2807258367538452,0.445507675409317,-0.0008937400416471064,1.1154885292053223,0.4649019241333008,-0.0008617571438662708,0.9379692673683167,0.4357911944389343,-0.0008679088787175715,0.9911723136901855,-0.0037804502062499523,-0.0007126767886802554,1.2370513677597046,0.14400307834148407,-0.0007461560890078545,1.0906381607055664,0.16726677119731903,-0.0005567807820625603,0.9371161460876465,0.1382727175951004,-0.00047289792564697564,0.9999644756317139,-0.2955920398235321,-0.00067444535670802,1.1879621744155884,-0.09233585000038147,-0.0006468553328886628,1.0399974584579468,-0.08379579335451126,-0.00039640089380554855,0.9163005352020264,-0.12722410261631012,-0.00021312404714990407
rock,AbZoX8Iv6xigsR42.png,0.0,0.0,0.0,0.22583384811878204,0.4409341812133789,8.626664202893153e-05,0.9637957811355591,0.681442141532898,0.00031518805189989507,1.1851452589035034,0.5898764729499817,0.000449095357907936,0.9989253878593445,0.38145139813423157,0.0001924556854646653,1.1883392333984375,0.4328867495059967,0.0003462857275735587,1.0249606370925903,0.461579829454422,0.00035332218976691365,0.9005664587020874,0.4626463055610657,0.00032158714020624757,0.9943647980690002,0.1060120090842247,0.00018288761202711612,1.113369107246399,0.21875900030136108,0.00047827151138335466,0.9752851128578186,0.26066040992736816,0.000501906150020659,0.8541638255119324,0.25196683406829834,0.00042334594763815403,0.915351152420044,-0.12667027115821838,0.00020517109078355134,1.0335460901260376,0.010833239182829857,0.00046230407315306365,0.9201188087463379,0.06040704995393753,0.0005556169198825955,0.7867141366004944,0.052191656082868576,0.0005234074196778238,0.8131649494171143,-0.323847234249115,0.00023372244322672486,0.9464518427848816,-0.18319061398506165,0.0004227789177093655,0.8481646776199341,-0.12944884598255157,0.0006093153497204185,0.7303450107574463,-0.12256141752004623,0.0007278776611201465
rock,ad5rtBQRrXNma3u9.png,0.0,0.0,0.0,0.20497067272663116,-0.423907607793808,0.0010413858108222485,0.7272337079048157,-0.5288702249526978,0.0026947343721985817,0.8290623426437378,-0.39742112159729004,0.0034731209743767977,0.9537714123725891,-0.5322413444519043,0.0016198867233470082,0.8568883538246155,-0.5598974227905273,0.0027794279158115387,0.689470112323761,-0.5199019908905029,0.0032147231977432966,0.6208010315895081,-0.4919893741607666,0.003364050295203924,0.9669294953346252,-0.2550390958786011,0.0015574326971545815,0.8930089473724365,-0.34519171714782715,0.0029021338559687138,0.7074959874153137,-0.32679057121276855,0.00305169471539557,0.583812415599823,-0.3011001646518707,0.002880329033359885,0.9030693173408508,-0.021759402006864548,0.001642983523197472,0.8580259680747986,-0.11985627561807632,0.0028815483674407005,0.6866338849067688,-0.15291275084018707,0.002812723396345973,0.5761951208114624,-0.1089172437787056,0.002440493553876877,0.8398563861846924,0.18600493669509888,0.0018320736708119512,0.7894877791404724,0.045675694942474365,0.0028412945102900267,0.6499159932136536,0.007221371866762638,0.0030513685196638107,0.5696099400520325,0.02598048560321331,0.002997441217303276
rock,ADOiIs56eyYsunID.png,0.0,0.0,0.0,0.3633561432361603,0.46866512298583984,-3.191830273863161e-06,1.2884154319763184,0.612012505531311,1.1386223377485294e-05,1.5001190900802612,0.4194942116737366,5.919675822951831e-05,1.0487431287765503,0.26657935976982117,-0.00013707713515032083,1.382336139678955,0.27781176567077637,-0.0001767255162121728,1.1986435651779175,0.36049529910087585,-0.0002489097532816231,1.033023715019226,0.37645405530929565,-0.00028856770950369537,0.9988913536071777,-0.04707527905702591,-0.00012111931573599577,1.2876158952713013,0.05352197587490082,4.09896056225989e-05,1.1616743803024292,0.1477665901184082,7.613888010382652e-05,1.0223718881607056,0.1593097746372223,2.157394374080468e-05,0.9052646160125732,-0.28629469871520996,-7.500041101593524e-05,1.126020073890686,-0.13342401385307312,0.00014160590944811702,1.0299209356307983,-0.059320759028196335,0.0002904396678786725,0.8919534683227539,-0.060938335955142975,0.0002907762536779046,0.8028474450111389,-0.46818453073501587,-3.198563354089856e-05,0.9753299355506897,-0.300295889377594,0.00019195672939531505,0.8763741850852966,-0.24513578414916992,0.0004183042619843036,0.7561112642288208,-0.24375507235527039,0.0005465734866447747
rock,aEjSJwrTtf651GLm.png,0.0,0.0,0.0,0.20868055522441864,0.5118744969367981,-0.000122103447210975,1.1250633001327515,0.8237149119377136,-0.00040925279608927667,1.4773162603378296,0.912116289138794,-0.0004950775182805955,0.9345210194587708,0.6213648319244385,-0.0008190149674192071,1.5599263906478882,0.5565381050109863,-0.001113596372306347,1.4520963430404663,0.5424094200134277,-0.0011511193588376045,1.22829270362854,0.5476348996162415,-0.0010779178701341152,0.9712995290756226,0.23785825073719025,-0.0008075069054029882,1.605689525604248,0.2458488792181015,-0.0009510320378467441,1.4714242219924927,0.2649073302745819,-0.0008259063470177352,1.252307415008545,0.2658851742744446,-0.000737974070943892,0.967925488948822,-0.09786432981491089,-0.0007509360439144075,1.5694581270217896,-0.07007086277008057,-0.0008295484003610909,1.430959939956665,-0.015051239170134068,-0.0005430617020465434,1.2118269205093384,0.0050251176580786705,-0.0003582477802410722,0.9259752631187439,-0.3802001178264618,-0.0006772406632080674,1.4074151515960693,-0.32342639565467834,-0.0007506429683417082,1.308101773262024,-0.25297507643699646,-0.0004975806223228574,1.1368213891983032,-0.22160272300243378,-0.0002774489694274962
rock,AfK6szcUXW6HDlxI.png,0.0,0.0,0.0,0.2488815188407898,-0.5116734504699707,5.563635204453021e-05,1.0839753150939941,-0.6757428646087646,-9.308232256444171e-05,1.2735899686813354,-0.47355419397354126,-0.00011524032743182033,0.9787015914916992,-0.4744439721107483,-0.0005758142797276378,1.5165516138076782,-0.5139405131340027,-0.0007251264178194106,1.3196123838424683,-0.5558596849441528,-0.0006938559818081558,1.111154556274414,-0.5446318984031677,-0.0006376610253937542,0.9962410926818848,-0.0866212248802185,-0.0006729851593263447,1.4664984941482544,-0.1997809112071991,-0.0006475735572166741,1.2797017097473145,-0.2853851318359375,-0.0004327153437770903,1.0757828950881958,-0.27404117584228516,-0.00030112400418147445,0.9556594491004944,0.2211344838142395,-0.0007200059480965137,1.3409267663955688,0.0773041695356369,-0.0006422531441785395,1.1926311254501343,-0.015447900630533695,-0.0003221009683329612,1.0055445432662964,-0.015249439515173435,-0.00015273666940629482,0.8767949938774109,0.45713260769844055,-0.0007485861424356699,1.165554165840149,0.3060603439807892,-0.0006429813802242279,1.0413862466812134,0.22387893497943878,-0.000309509428916499,0.8888044953346252,0.24028371274471283,-7.221015403047204e-05
rock,aFWGfqQgf0jt1h7g.png,0.0,0.0,0.0,0.2889902591705322,0.4294416606426239,3.234849646105431e-05,1.1143640279769897,0.6764764785766602,-2.950387352029793e-05,1.3717691898345947,0.5577796697616577,-4.67514073534403e-05,0.9962302446365356,0.4048032760620117,-0.00018269858264829963,1.3819955587387085,0.3782275319099426,-0.0003589378611650318,1.2253096103668213,0.4169297516345978,-0.0005032392800785601,1.0421545505523682,0.44306445121765137,-0.0005551890353672206,0.9942142963409424,0.10741495341062546,-0.0002520902780815959,1.33001708984375,0.13193519413471222,-0.0002308404364157468,1.187648057937622,0.16815543174743652,-0.00021483935415744781,1.0243644714355469,0.17276977002620697,-0.00024064001627266407,0.9457532167434692,-0.16209442913532257,-0.0002999005082529038,1.233467698097229,-0.11422355473041534,-0.0002068809699267149,1.110247015953064,-0.07426092773675919,-1.4488754459307529e-05,0.960925281047821,-0.06572119891643524,5.51417724636849e-05,0.8726813793182373,-0.3932168781757355,-0.00034600755316205323,1.1284985542297363,-0.3229556977748871,-0.00021577002189587802,1.0104962587356567,-0.28544119000434875,6.0843813116662204e-05,0.8790136575698853,-0.2791175842285156,0.0002515941741876304
rock,AiAPUXqX24FjC0mU.png,0.0,0.0,0.0,0.12227132171392441,0.4919867515563965,0.00013438862515613437,0.8608270883560181,1.013658046722412,0.00019442876509856433,1.135745882987976,0.958001971244812,0.00022896044538356364,0.8278762102127075,0.7326032519340515,-0.00014177618140820414,1.2165391445159912,0.7585448622703552,-0.00018436279788147658,1.0505956411361694,0.7315866351127625,-0.0002199058944825083,0.8763594031333923,0.7088904976844788,-0.00022174611513037235,0.9044179320335388,0.42664751410484314,-0.0002269426331622526,1.2165629863739014,0.4918775260448456,-9.032103116624057e-05,1.066188097000122,0.4762845039367676,7.989353434822988e-06,0.9115903377532959,0.44636788964271545,1.3818735169479623e-05,0.9349427223205566,0.11631269007921219,-0.00027257902547717094,1.1519393920898438,0.2128462940454483,-6.49632784188725e-05,1.0221033096313477,0.209501713514328,0.0001666801981627941,0.8800258040428162,0.1762951910495758,0.00022509846894536167,0.9280965924263,-0.16169142723083496,-0.00031141500221565366,1.0784071683883667,-0.021485745906829834,-9.125169890467077e-05,0.9451507925987244,-0.04048873856663704,0.0001976911589736119,0.821208655834198,-0.08024688065052032,0.000372580427210778
rock,ALFXBdM6k9V1h3EH.png,0.0,0.0,0.0,0.13870438933372498,0.50083988904953,0.0001055390530382283,0.8842861652374268,0.9061589241027832,0.00029070331947878003,1.1407324075698853,0.8651288151741028,0.0003824113809969276,0.9011306762695312,0.6156846880912781,0.0001459021441405639,1.1303056478500366,0.6352648138999939,0.0002459764655213803,0.9756831526756287,0.6181449890136719,0.00023334985598921776,0.8381661176681519,0.6031836867332458,0.00020696646242868155,0.9436429738998413,0.3309652805328369,0.00011471283505670726,1.088615894317627,0.39060163497924805,0.0003783607098739594,0.9489226937294006,0.39968085289001465,0.00040166464168578386,0.8215758204460144,0.38022685050964355,0.0003316890215501189,0.9147194027900696,0.06762392818927765,0.0001138446677941829,0.9935680031776428,0.15068666636943817,0.0003766392474062741,0.8724198341369629,0.17397135496139526,0.00044970872113481164,0.7499445080757141,0.1518343687057495,0.0003987344680353999,0.8541483879089355,-0.16256873309612274,0.00011958708637394011,0.9107177257537842,-0.06268589198589325,0.0003409795754123479,0.795268177986145,-0.05674847587943077,0.0005054039065726101,0.6884320378303528,-0.07550390064716339,0.000595749937929213
rock,aM5kGWsMPDGNdc3J.png,0.0,0.0,0.0,0.08850780129432678,-0.5386214256286621,-0.0001283201709156856,0.93384850025177,-1.0242831707000732,-0.000205985241336748,1.2482858896255493,-1.0134191513061523,-0.00010618363012326881,0.8296558260917664,-0.6766519546508789,-0.0001729088689899072,1.2182855606079102,-0.7849141359329224,-0.00021931962692178786,1.0170296430587769,-0.7797839045524597,-0.00012087998038623482,0.8386792540550232,-0.712860643863678,-3.0310429792734794e-05,0.9381966590881348,-0.3461024761199951,-0.00016898932517506182,1.281563639640808,-0.49902644753456116,-0.00012571288971230388,1.1226346492767334,-0.5134455561637878,-8.93709875526838e-06,0.9752501845359802,-0.4553643763065338,5.932155909249559e-05,1.0019184350967407,-0.04489570111036301,-0.0001629134058021009,1.2985578775405884,-0.21202220022678375,-0.00016367368516512215,1.1666594743728638,-0.2245812714099884,1.5260142390616238e-05,1.0249191522598267,-0.1758107841014862,0.00012370228068903089,1.0350420475006104,0.21452046930789948,-0.0001542874815640971,1.3004752397537231,0.06394759565591812,-0.00011942214041482657,1.1909887790679932,0.05511409044265747,8.202950266422704e-05,1.0654385089874268,0.112135149538517,0.0002455121139064431
rock,AuO0jNEKCbMzb7Xf.png,0.0,0.0,0.0,-0.08407112210988998,-0.5775582194328308,-0.00035035808105021715,0.48522868752479553,-1.2387057542800903,-0.0006545476499013603,0.7062351107597351,-1.2056841850280762,-0.0006507233483716846,0.7203126549720764,-0.7447203397750854,-0.0008524846052750945,0.9736469984054565,-1.1343488693237305,-0.0007926201215013862,0.695034384727478,-1.063517689704895,-0.0005150914075784385,0.5502687692642212,-0.9039323925971985,-0.0003471008676569909,0.901323676109314,-0.4331457018852234,-0.0006876781699247658,1.0739195346832275,-0.8538162112236023,-0.0007217093370854855,0.8349391222000122,-0.8423214554786682,-0.0005111403879709542,0.7029022574424744,-0.7082335352897644,-0.0003844855527859181,0.9762601256370544,-0.19242991507053375,-0.0004707311454694718,1.1044154167175293,-0.5714640021324158,-0.0005327944527380168,0.9151756167411804,-0.5789753198623657,-0.0003108390374109149,0.7889830470085144,-0.46066832542419434,-0.00018218520563095808,1.0005768537521362,-0.012464819476008415,-0.0002503021387383342,1.103086233139038,-0.33226633071899414,-0.00030795930069871247,0.9521023035049438,-0.3423002362251282,-0.00014744853251613677,0.84759920835495,-0.23487383127212524,-1.7343347280984744e-05
rock,aWvWsXj1NL19dskm.png,0.0,0.0,0.0,0.23591633141040802,0.49717313051223755,4.1070885345106944e-05,1.0394694805145264,0.8049306869506836,8.161281584762037e-05,1.304879903793335,0.7319456338882446,0.00011019713565474376,0.9727540612220764,0.49606746435165405,-4.9806149036157876e-05,1.2744122743606567,0.5037643313407898,-0.00012142131163273007,1.1036930084228516,0.5206563472747803,-0.00022821118182037026,0.9331815838813782,0.5214760303497314,-0.0002865471178665757,0.983016848564148,0.18351532518863678,-0.00010095657489728183,1.2192330360412598,0.2402752935886383,3.426517287152819e-05,1.0782209634780884,0.27874767780303955,5.756040263804607e-05,0.9313287138938904,0.2781636118888855,-7.553607019872288e-07,0.9302918910980225,-0.0964147225022316,-0.00013452197890728712,1.1004688739776611,-0.005372513551265001,1.8942137103294954e-05,0.9840476512908936,0.038044240325689316,0.0001453166187275201,0.8500074744224548,0.03213810548186302,0.0001477415644330904,0.8473069667816162,-0.3358369767665863,-0.00016585180128458887,0.9895159006118774,-0.21689963340759277,-1.5658491975045763e-05,0.8747444152832031,-0.17956969141960144,0.0001990640303120017,0.7554268836975098,-0.18783758580684662,0.0003352087805978954
rock,AydtaubqlFzR1W5x.png,0.0,0.0,0.0,0.2842075824737549,0.44432052969932556,9.696065535536036e-05,1.1382192373275757,0.7080173492431641,4.454582813195884e-05,1.4290691614151,0.6172266006469727,2.189466977142729e-05,0.981586754322052,0.5246858596801758,-0.00028736324748024344,1.4102836847305298,0.4113564193248749,-0.00044690261711366475,1.2520300149917603,0.41081202030181885,-0.000532221223693341,1.0581085681915283,0.4362030029296875,-0.000545911374501884,0.9777109026908875,0.20995503664016724,-0.00038327998481690884,1.3288002014160156,0.1607687771320343,-0.00034529913682490587,1.1922905445098877,0.17165061831474304,-0.00026550618349574506,1.0264465808868408,0.19109982252120972,-0.0002628349466249347,0.9361847639083862,-0.08780255168676376,-0.00044074642937630415,1.1962116956710815,-0.07744557410478592,-0.0003267442516516894,1.0735447406768799,-0.06151321902871132,-7.590464520035312e-05,0.9275166392326355,-0.043085917830467224,1.5229927157633938e-05,0.8691576719284058,-0.3551122844219208,-0.0004921180661767721,1.0631074905395508,-0.2905837595462799,-0.0003497363650240004,0.929013729095459,-0.27524545788764954,-6.0312529967632145e-05,0.8040322661399841,-0.26814505457878113,0.00013366386701818556
rock,aZ8XOOHozlep9lS2.png,0.0,0.0,0.0,0.196639284491539,0.47467130422592163,7.425553485518321e-05,0.9525723457336426,0.810527503490448,0.00015342338883783668,1.1615982055664062,0.6822792887687683,0.00019838829757645726,0.9610593318939209,0.4753890633583069,-1.2128947673772927e-05,1.1786969900131226,0.49198830127716064,2.8265323635423556e-05,1.0169190168380737,0.48989954590797424,-2.1624127839459106e-05,0.8661102652549744,0.4850579798221588,-6.934784323675558e-05,0.9843177199363708,0.17640481889247894,-4.505284960032441e-05,1.1040594577789307,0.2444816380739212,0.00019188577425666153,0.9683783650398254,0.26888328790664673,0.00021531389211304486,0.8338568210601807,0.26195746660232544,0.00013977465278003365,0.9339819550514221,-0.08615509420633316,-4.116892523597926e-05,0.9889816641807556,0.010604051873087883,0.00021057949925307184,0.8800353407859802,0.04903366044163704,0.0002887262962758541,0.7522746324539185,0.041131921112537384,0.000238543187151663,0.855883002281189,-0.30578380823135376,-3.4062337363138795e-05,0.8911616802215576,-0.19902272522449493,0.00018015538807958364,0.7865230441093445,-0.1771734207868576,0.0003417500702198595,0.6780864596366882,-0.18341605365276337,0.0004306312766857445
rock,AzWs0iUTTu8bLtsw.png,0.0,0.0,0.0,0.24220457673072815,0.4749795198440552,5.2735183999175206e-05,1.0030502080917358,0.7810569405555725,0.00011842658568639308,1.2621040344238281,0.7193239331245422,0.00016357113781850785,0.9732038378715515,0.47822922468185425,1.989383963518776e-05,1.256274700164795,0.4948219656944275,-9.04182070371462e-06,1.0905035734176636,0.5077535510063171,-9.243848035112023e-05,0.9308011531829834,0.5046688914299011,-0.0001389713434036821,0.9821164011955261,0.18827468156814575,-1.9290642740088515e-05,1.198204517364502,0.24813877046108246,0.0001347252109553665,1.0654737949371338,0.2786092460155487,0.00015280174557119608,0.9262323379516602,0.278251051902771,9.248095011571422e-05,0.9358215928077698,-0.07489847391843796,-3.9732509321765974e-05,1.0910195112228394,0.019459428265690804,0.00014168053166940808,0.9821944832801819,0.05495435371994972,0.00026209914358332753,0.8493760824203491,0.049723170697689056,0.00025903392815962434,0.863698422908783,-0.307500422000885,-5.942974894423969e-05,0.9928884506225586,-0.18894357979297638,0.00012065082410117611,0.8852577209472656,-0.15420345962047577,0.0003275815106462687,0.7661650776863098,-0.15800757706165314,0.00045784685062244534
rock,B4x3aTJOO6e3BIIX.png,0.0,0.0,0.0,0.11532334238290787,0.5192511677742004,4.3123225623276085e-05,0.8189111351966858,1.0052127838134766,0.00011986123718088493,1.0926862955093384,1.0122703313827515,0.00020014180336147547,0.8456599116325378,0.6665719151496887,-0.00014090011245571077,1.116826057434082,0.7738551497459412,-5.91580210311804e-05,0.9328229427337646,0.7625231146812439,-4.587083708429418e-07,0.7842577695846558,0.7154481410980225,4.504918979364447e-05,0.930138885974884,0.36720776557922363,-0.00013705220771953464,1.111775517463684,0.5247941017150879,0.000138959992909804,0.9702528119087219,0.5314410328865051,0.00024290625879075378,0.8462294340133667,0.4881763458251953,0.00022253893257584423,0.9455163478851318,0.09316858649253845,-8.957691170508042e-05,1.063199758529663,0.2616448402404785,0.00023553318169433624,0.9444231390953064,0.2734794616699219,0.00040470605017617345,0.8230752348899841,0.22951313853263855,0.000393582129618153,0.9212541580200195,-0.14766468107700348,-3.9370461308863014e-05,1.0035234689712524,0.02603777125477791,0.0002488657191861421,0.8907874822616577,0.02914072945713997,0.0004816587606910616,0.7874693870544434,-0.007130554411560297,0.0006061321473680437
rock,bC7OWmNYjZLjLYnd.png,0.0,0.0,0.0,0.3082175552845001,0.42953014373779297,9.154542931355536e-05,1.1156013011932373,0.6127454042434692,0.00017049754387699068,1.3063243627548218,0.45486024022102356,0.00021586644288618118,1.0369532108306885,0.2704352140426636,1.733861063257791e-05,1.2355765104293823,0.28403106331825256,0.00011383371747797355,1.0596938133239746,0.3356492817401886,8.368225826416165e-05,0.9280024170875549,0.3517363667488098,3.356482557137497e-05,0.9997894167900085,-0.02052224799990654,-1.8689592252485454e-05,1.1625332832336426,0.05533118173480034,0.0002525534655433148,1.0282466411590576,0.11436710506677628,0.0002839208173099905,0.9007405638694763,0.113202303647995,0.0002005960704991594,0.9010779857635498,-0.2606460154056549,-9.213178600475658e-06,1.0252501964569092,-0.15800537168979645,0.00028813694370910525,0.9195164442062378,-0.09795667231082916,0.0004066662513650954,0.7894324660301208,-0.09705878794193268,0.0003657081688288599,0.7847341299057007,-0.4549274146556854,5.2141854212095495e-06,0.9037562608718872,-0.3524002134799957,0.0002730852284003049,0.8068276643753052,-0.3040884733200073,0.0004971536691300571,0.6905040144920349,-0.29534685611724854,0.0006151013076305389
rock,bC8Fki1Na2rRSlBG.png,0.0,0.0,0.0,0.28691038489341736,0.3938339054584503,0.0004921443178318441,0.8788342475891113,0.41383543610572815,0.0009312496404163539,0.9375277757644653,0.2397213578224182,0.0010956779588013887,0.9282646775245667,0.47627195715904236,0.00044486543629318476,1.101723313331604,0.4183052182197571,0.0007860088371671736,0.9535602331161499,0.38014867901802063,0.0009084886405616999,0.8350130915641785,0.3751663863658905,0.0009375396766699851,0.979698121547699,0.20047806203365326,0.00031995755853131413,1.0471038818359375,0.21260148286819458,0.0008738024043850601,0.8951010704040527,0.19082584977149963,0.0010191453620791435,0.7791080474853516,0.17764277756214142,0.0009842682629823685,0.9482337236404419,-0.050091732293367386,0.00027147374930791557,0.9934957027435303,0.008351911790668964,0.0008341073407791555,0.8645091652870178,0.007530333008617163,0.0009143509669229388,0.7357923984527588,-0.011013807728886604,0.0007997715729288757,0.8895164132118225,-0.2638678252696991,0.0002620964078232646,0.9424329996109009,-0.178672194480896,0.0007354753324761987,0.827793300151825,-0.1666485220193863,0.0009435905958525836,0.7130814790725708,-0.18636253476142883,0.0010189337190240622
rock,bdO9pxWWsTRxmT2z.png,0.0,0.0,0.0,0.2916572391986847,0.4168623089790344,0.00010421600745758042,1.0919948816299438,0.5901897549629211,0.0002705069782678038,1.3045083284378052,0.47112640738487244,0.0003647979465313256,1.0282785892486572,0.2916626036167145,0.00011921612167498097,1.2521294355392456,0.2919750213623047,0.00018284069665241987,1.0913453102111816,0.3308238685131073,0.00012855607201345265,0.9450308084487915,0.34988662600517273,7.988505967659876e-05,0.9999847412109375,0.005527507048100233,8.889591845218092e-05,1.1657291650772095,0.06166071072220802,0.0003396823303773999,1.0429240465164185,0.11323962360620499,0.0003605903475545347,0.9131042957305908,0.1233104020357132,0.00028973101871088147,0.9132074117660522,-0.2394097000360489,8.834460459183902e-05,1.0348390340805054,-0.14177614450454712,0.00035689357900992036,0.9361733198165894,-0.08653321862220764,0.0004529403813648969,0.8090159296989441,-0.07916981726884842,0.0004173796623945236,0.8076611757278442,-0.44056856632232666,9.063721518032253e-05,0.9068754315376282,-0.3219670355319977,0.0003310423344373703,0.8146905899047852,-0.2743752598762512,0.0005186203052289784,0.7077888250350952,-0.2624667286872864,0.0006254611653275788
rock,BFVK8zqyFZ9SFqm4.png,0.0,0.0,0.0,0.33544179797172546,0.5218338370323181,-6.385142478393391e-05,1.2752939462661743,0.7964088320732117,-0.00016219360986724496,1.4441245794296265,0.5516883730888367,-0.0001626244920771569,1.0088627338409424,0.3859373927116394,-0.000366758817108348,1.3223199844360352,0.45064783096313477,-0.0004298784479033202,1.1271306276321411,0.4903317987918854,-0.0005080958362668753,0.9658457636833191,0.47453951835632324,-0.0005690866964869201,0.9987793564796448,0.049392420798540115,-0.00035191967617720366,1.2622767686843872,0.19955097138881683,-0.00022218545200303197,1.129549503326416,0.26164916157722473,-0.00018504171748645604,0.9949767589569092,0.24639302492141724,-0.0002610649971757084,0.95147705078125,-0.2136533111333847,-0.0002938932739198208,1.1598072052001953,-0.014756898395717144,-0.0001090464138542302,1.0543566942214966,0.03123416379094124,4.977847856935114e-05,0.916808009147644,0.005667385179549456,4.251378413755447e-05,0.8932855129241943,-0.414659708738327,-0.0002396420604782179,1.0751347541809082,-0.20583926141262054,-3.114779246971011e-05,0.9685470461845398,-0.17296862602233887,0.000214980827877298,0.8476174473762512,-0.1956564486026764,0.00034275848884135485
rock,Bm9hYmhGUGmKxDwK.png,0.0,0.0,0.0,0.3057839572429657,0.4012473523616791,5.4368210840038955e-05,1.1719497442245483,0.6633755564689636,8.892633559298702e-06,1.4004695415496826,0.48853474855422974,-7.167696821852587e-06,1.0242112874984741,0.3919776380062103,-0.0001922840892802924,1.3708876371383667,0.3064078092575073,-0.0002382535458309576,1.2057331800460815,0.3131067454814911,-0.0003182018408551812,1.0420161485671997,0.3510195016860962,-0.00037164363311603665,0.9975094199180603,0.07053381204605103,-0.000261718436377123,1.27583646774292,0.04486588388681412,-0.000111660614493303,1.1342002153396606,0.07390344142913818,-5.4985244787530974e-05,0.9849023222923279,0.0956263318657875,-0.00010281145659973845,0.9246979355812073,-0.2195843607187271,-0.0002904993889387697,1.1679054498672485,-0.20115023851394653,-0.00011109804472653195,1.0503454208374023,-0.16242298483848572,8.294326107716188e-05,0.9064545631408691,-0.14377763867378235,0.0001150440948549658,0.8328339457511902,-0.4727785885334015,-0.00031176808988675475,1.0773817300796509,-0.4169381558895111,-0.00013279377890285105,0.9639827013015747,-0.37780117988586426,0.00015762010298203677,0.8315238952636719,-0.36167702078819275,0.00033995634294115007
rock,BMet9oI6hmx1zdc9.png,0.0,0.0,0.0,0.3176844120025635,0.4183610677719116,-3.918029324267991e-05,1.2300976514816284,0.6175665855407715,-0.00024565105559304357,1.4455450773239136,0.41425514221191406,-0.00032262291642837226,1.0264278650283813,0.3350789248943329,-0.0004757596179842949,1.4554433822631836,0.3032938241958618,-0.0007128948345780373,1.2845271825790405,0.37029770016670227,-0.0008579862769693136,1.0898813009262085,0.39910557866096497,-0.0009036510018631816,0.9998406171798706,0.017842505127191544,-0.0005352624575607479,1.3909814357757568,0.06750171631574631,-0.0005552796646952629,1.2287383079528809,0.1364985704421997,-0.0005115193198435009,1.045979380607605,0.1273423731327057,-0.0005229901289567351,0.9323742389678955,-0.2506181597709656,-0.0005592652014456689,1.2764360904693604,-0.17053624987602234,-0.00048774550668895245,1.1490453481674194,-0.10073092579841614,-0.000247115851379931,0.9885281324386597,-0.10011925548315048,-0.0001517838827567175,0.850351095199585,-0.4735766351222992,-0.0005829423316754401,1.1805261373519897,-0.37481680512428284,-0.00047257135156542063,1.0706218481063843,-0.3186652660369873,-0.0001621703413547948,0.9328316450119019,-0.3229239583015442,4.4677257392322645e-05
rock,bn4i63wrObqbJECw.png,0.0,0.0,0.0,0.31379374861717224,0.38802555203437805,8.753447036724538e-05,1.1067359447479248,0.6098288893699646,4.7884554078336805e-05,1.333640217781067,0.4770190417766571,4.052772055729292e-05,1.0157779455184937,0.3480825126171112,-0.00016997341299429536,1.2966326475143433,0.3171572685241699,-0.00015361368423327804,1.1396300792694092,0.3466300964355469,-0.00016327868797816336,0.9847164154052734,0.36137905716896057,-0.0001669396151555702,0.9987049102783203,0.050877127796411514,-0.00022567615087609738,1.218237280845642,0.07808257639408112,-2.0746785594383255e-05,1.0871633291244507,0.11916260421276093,5.032846092944965e-05,0.9449068307876587,0.1293862760066986,1.3552667041949462e-05,0.9250918030738831,-0.21482813358306885,-0.00023192209482658654,1.0816560983657837,-0.15119750797748566,2.4483590095769614e-05,0.9698708057403564,-0.1037181168794632,0.00020278968440834433,0.8306711912155151,-0.09074719995260239,0.00021262801601551473,0.8300279378890991,-0.4404224753379822,-0.00023336315643973649,0.961950957775116,-0.3543281853199005,5.9384151427366305e-06,0.8518484830856323,-0.30944016575813293,0.000254860584391281,0.7339507937431335,-0.2961985766887665,0.0004032906435895711
rock,BnnRzew7yA30gyts.png,0.0,0.0,0.0,0.22286444902420044,0.42291879653930664,0.00017699725867714733,0.781089186668396,0.5907122492790222,0.0002709657419472933,0.8681599497795105,0.4186326563358307,0.0003037746646441519,0.9191264510154724,0.4884209632873535,7.869123510317877e-05,1.0004318952560425,0.5310003757476807,0.00016707080067135394,0.8390604257583618,0.5036994218826294,0.00012338836677372456,0.7190578579902649,0.47239792346954346,5.6074841268127784e-05,0.9780656695365906,0.20829690992832184,-2.653978071975871e-06,0.9732041358947754,0.2987600266933441,0.0002963782171718776,0.8264221549034119,0.28849053382873535,0.0003524705534800887,0.7098726630210876,0.25268682837486267,0.0002830740122590214,0.950620710849762,-0.03665554150938988,-4.016754246549681e-05,0.935449481010437,0.06747596710920334,0.00025879318127408624,0.806334376335144,0.0775245875120163,0.0003401419962756336,0.6784176230430603,0.049410440027713776,0.00028202097746543586,0.8835852146148682,-0.24547605216503143,-6.654104799963534e-05,0.9090843200683594,-0.14005711674690247,0.00018961673777084798,0.7925537824630737,-0.11768472194671631,0.00038131087785586715,0.6852601170539856,-0.140345498919487,0.00048662646440789104
rock,boppgwG3Rz1zqCNK.png,0.0,0.0,0.0,0.40475910902023315,0.35736873745918274,0.00026172204525209963,1.025529384613037,0.2775087356567383,0.000427048682468012,1.0874683856964111,0.12340769916772842,0.0005095364176668227,1.0194193124771118,0.22738707065582275,1.1686245670716744e-05,1.2517564296722412,0.2467726469039917,8.746558160055429e-05,1.0939174890518188,0.2777960002422333,0.00010660354746505618,0.9575749039649963,0.2795652449131012,9.897909330902621e-05,0.9987279772758484,-0.050423167645931244,-8.165989129338413e-05,1.1275216341018677,0.06954099982976913,0.00020751197007484734,0.9834398627281189,0.10766234248876572,0.0003294970083516091,0.8693404793739319,0.09099084883928299,0.0003124554641544819,0.9227758646011353,-0.26926377415657043,-0.0001213249925058335,1.039166808128357,-0.11531325429677963,0.0002325382811250165,0.9248547554016113,-0.07623062282800674,0.00037610510480590165,0.7988777160644531,-0.09168087691068649,0.00034543793299235404,0.8401297926902771,-0.4333008825778961,-0.00014734981232322752,0.9582158923149109,-0.29041150212287903,0.00017948317690752447,0.8699507117271423,-0.23593862354755402,0.00039776807534508407,0.7617084383964539,-0.24836961925029755,0.0005043639102950692
rock,BOswKcczxw8dC4kY.png,0.0,0.0,0.0,0.20352424681186676,0.5132419466972351,5.8793022617464885e-05,1.0028084516525269,0.8635517358779907,9.510637755738571e-05,1.2729495763778687,0.8077529668807983,0.00011640843149507418,0.9450297951698303,0.5536049604415894,-0.0001043700467562303,1.27544367313385,0.5688210725784302,-0.00018386040756013244,1.1002578735351562,0.5836057066917419,-0.00028366869082674384,0.9278692007064819,0.5806899070739746,-0.00033709401031956077,0.970834493637085,0.23975051939487457,-0.00017254226258955896,1.2357606887817383,0.30969956517219543,-4.047718903166242e-05,1.0889506340026855,0.33899250626564026,6.21229537500767e-06,0.9385058283805847,0.32737043499946594,-4.267710755812004e-05,0.9352688789367676,-0.044743336737155914,-0.00021785619901493192,1.1452536582946777,0.04849892109632492,-7.022435602266341e-05,1.0249532461166382,0.08023644238710403,9.140629117609933e-05,0.8844267725944519,0.0637422576546669,0.00011290207476122305,0.870216429233551,-0.29307234287261963,-0.00025771826039999723,1.0667564868927002,-0.18260334432125092,-0.00010894601291511208,0.9515840411186218,-0.15525159239768982,0.00013821640459354967,0.8234590291976929,-0.1711788773536682,0.00029349984833970666
rock,bqpOIN5gUl0r6vIS.png,0.0,0.0,0.0,0.312173068523407,-0.4113783538341522,0.00019330470240674913,1.1226545572280884,-0.5752970576286316,0.0002564737224020064,1.3695194721221924,-0.4746745824813843,0.000341504521202296,1.036125898361206,-0.3470041751861572,0.0001153578850789927,1.3093982934951782,-0.28523147106170654,0.00029149933834560215,1.1359007358551025,-0.32495880126953125,0.00042991797090508044,0.9908998608589172,-0.3371083438396454,0.0004980220692232251,0.9991540312767029,-0.04112550988793373,2.5958410333259962e-05,1.254292368888855,-0.05935109034180641,0.00037439982406795025,1.1276862621307373,-0.11421427130699158,0.0005803309031762183,0.9830012321472168,-0.12524716556072235,0.0006299131782725453,0.9061884880065918,0.21405494213104248,-2.115455390594434e-05,1.0920802354812622,0.1489972323179245,0.00030896675889380276,0.984712541103363,0.09705517441034317,0.0005431057070381939,0.8475638628005981,0.0824095606803894,0.0005888789892196655,0.7939623594284058,0.42517340183258057,-5.0748603825923055e-05,0.9258411526679993,0.3333858847618103,0.0002819972578436136,0.8249433636665344,0.27753642201423645,0.000569298688787967,0.7187504172325134,0.27176398038864136,0.0007195399375632405
rock,BRCnAE1A7rvm7o8V.png,0.0,0.0,0.0,0.27381768822669983,0.4305998980998993,6.070467134122737e-05,1.0488357543945312,0.6850074529647827,8.304727089125663e-05,1.3359941244125366,0.7184284329414368,0.00012171715934528038,0.9829279780387878,0.4170210361480713,5.731537385145202e-06,1.2738906145095825,0.4232310950756073,1.818792770791333e-05,1.1138651371002197,0.4573241174221039,4.312365945224883e-06,0.9571651220321655,0.4669300317764282,7.767094757582527e-06,0.9914957284927368,0.13013875484466553,-4.007270035799593e-05,1.2219855785369873,0.1916048526763916,0.00015683651145081967,1.0910961627960205,0.22795914113521576,0.00021165124780964106,0.9630574584007263,0.22255127131938934,0.00016875109577085823,0.9460548758506775,-0.1272401362657547,-5.942075222264975e-05,1.1743299961090088,-0.03096904046833515,0.00010614762868499383,1.0624425411224365,0.0018691979348659515,0.0002631860552355647,0.925879716873169,-0.011519189924001694,0.00028818161808885634,0.8781416416168213,-0.35664862394332886,-6.68216816848144e-05,1.1363216638565063,-0.2547938823699951,6.020635555614717e-05,1.0293821096420288,-0.22187639772891998,0.0003117482119705528,0.8978366255760193,-0.23388826847076416,0.0004892206052318215
rock,brPQ0E5Gk9L0FHey.png,0.0,0.0,0.0,0.32348668575286865,0.3967129588127136,0.00022443673515226692,1.118519902229309,0.5379241108894348,0.0004622297128662467,1.3760502338409424,0.479647696018219,0.0005835091578774154,1.0408110618591309,0.31282782554626465,0.00015663422527723014,1.3300081491470337,0.23402605950832367,0.0003306573780719191,1.168373942375183,0.2649897634983063,0.0004204282013233751,1.0123883485794067,0.30757781863212585,0.00047816633014008403,0.9996112585067749,0.02787976898252964,9.623772348277271e-05,1.210969090461731,0.013142978772521019,0.000431939959526062,1.076735258102417,0.05353158339858055,0.0005326750688254833,0.9347688555717468,0.08299388736486435,0.0005130464560352266,0.9036058783531189,-0.22028401494026184,8.74307079357095e-05,1.0400282144546509,-0.19085055589675903,0.0004437112365849316,0.922866702079773,-0.14318285882472992,0.0005857432261109352,0.7882978320121765,-0.1191045343875885,0.0005628283834084868,0.7879703044891357,-0.43453240394592285,9.787002636585385e-05,0.9090328812599182,-0.37466418743133545,0.0004210692422930151,0.7979514002799988,-0.3324635326862335,0.0006631187861785293,0.6853291988372803,-0.31019327044487,0.0007976231281645596
rock,brzyLjsQoGb8cmBe.png,0.0,0.0,0.0,0.3280541002750397,0.38205254077911377,0.00017976931121665984,1.0872331857681274,0.5507403612136841,0.00038968148874118924,1.344829797744751,0.5062693953514099,0.0005049348692409694,1.0399467945098877,0.3041110634803772,0.0001724880567053333,1.2863121032714844,0.22468917071819305,0.0003949907550122589,1.1321794986724854,0.24689491093158722,0.0005059915711171925,0.9909716248512268,0.2819996476173401,0.0005644646007567644,0.9994586110115051,0.03290185704827309,0.00013233095523901284,1.1907509565353394,0.0062986379489302635,0.00046982814092189074,1.0721616744995117,0.04429205134510994,0.0005489293253049254,0.9327874779701233,0.07748965173959732,0.0005138597334735096,0.9061161875724792,-0.2111266404390335,0.00014392855518963188,1.0424084663391113,-0.19633324444293976,0.0004999942029826343,0.9408416152000427,-0.15092913806438446,0.0006192791042849422,0.8048878908157349,-0.12256257981061935,0.0005832514143548906,0.7927345633506775,-0.4237222969532013,0.00016958180640358478,0.9074075818061829,-0.3764616549015045,0.0004750992520712316,0.8084302544593811,-0.3347606956958771,0.0006899218424223363,0.6952025890350342,-0.3074186146259308,0.0008097414392977953
rock,bsj2s38rcZvedHSI.png,0.0,0.0,0.0,0.12496037781238556,0.5054987668991089,6.646793190157041e-05,0.8204008936882019,0.9470736980438232,0.00018478851416148245,1.0929980278015137,0.9978222846984863,0.0002608135691843927,0.8523592352867126,0.6699380278587341,4.5190390665084124e-05,1.1590927839279175,0.7357620596885681,4.0340946725336835e-05,0.9897509217262268,0.727554202079773,3.5113901049044216e-06,0.8201517462730408,0.7014899849891663,4.076183017787116e-07,0.9257513284683228,0.37813296914100647,1.3965179277874995e-05,1.144516110420227,0.4752802550792694,0.00018463944434188306,0.9967332482337952,0.4802309274673462,0.000228245829930529,0.8516120314598083,0.4563705027103424,0.00019680499099195004,0.9377871751785278,0.1027667298913002,4.6441539325314807e-07,1.0950005054473877,0.21764343976974487,0.00019920551858376712,0.96858149766922,0.22941040992736816,0.0003309104358777404,0.8339358568191528,0.20068085193634033,0.0003389570629224181,0.9114219546318054,-0.1442573368549347,-9.594159564585425e-06,1.047519564628601,-0.014367781579494476,0.00016765412874519825,0.9239845275878906,-0.00904306024312973,0.00037440229789353907,0.8045678734779358,-0.0303590539842844,0.0005125282914377749
rock,BSMMOAJotDbg08rj.png,0.0,0.0,0.0,0.26697996258735657,0.403395414352417,9.976264846045524e-05,1.0625048875808716,0.6703947186470032,0.00015190645353868604,1.245915412902832,0.5022360682487488,0.00017519759421702474,1.0095736980438232,0.35884419083595276,-1.1763382644858211e-05,1.226301670074463,0.3040023744106293,8.016500942176208e-05,1.077783465385437,0.306282103061676,7.129230652935803e-05,0.944572925567627,0.32660746574401855,3.891884989570826e-05,0.9978135228157043,0.06609153747558594,-7.336617272812873e-05,1.1445082426071167,0.07190783321857452,0.00020320602925494313,1.009437084197998,0.10724680870771408,0.00026476956554688513,0.8800947070121765,0.12322487682104111,0.00020502031838987023,0.9194579124450684,-0.18868593871593475,-8.963501022662967e-05,1.0151368379592896,-0.1471669226884842,0.00018345889111515135,0.9020910263061523,-0.09744349122047424,0.0002935958618763834,0.7739213705062866,-0.0835033431649208,0.00025418639415875077,0.817223072052002,-0.4041846990585327,-9.979203605325893e-05,0.9031618237495422,-0.3363782465457916,0.00013627004227600992,0.793669581413269,-0.3074733316898346,0.00033855007495731115,0.6881527900695801,-0.29697927832603455,0.00044417197932489216
rock,BsWasfK2PdoRNEDw.png,0.0,0.0,0.0,0.288550466299057,-0.4292655289173126,8.452391921309754e-05,1.0865601301193237,-0.6049405932426453,0.00013756354746874422,1.3242597579956055,-0.4748152792453766,0.00023907357535790652,1.0316920280456543,-0.2621091902256012,6.682312960037962e-05,1.2179185152053833,-0.32404208183288574,0.00035350368125364184,1.0441161394119263,-0.3746843636035919,0.0005800387589260936,0.9122461676597595,-0.3609110713005066,0.0006792346248403192,0.9995156526565552,0.03111913427710533,3.9167389331851155e-05,1.199602484703064,-0.08797197788953781,0.00038405871600843966,1.072708249092102,-0.1533016860485077,0.0005701951449736953,0.935423731803894,-0.14427252113819122,0.0006031378288753331,0.9107117652893066,0.2737446427345276,6.123338971519843e-05,1.1130201816558838,0.14794951677322388,0.0003220688668079674,1.0127660036087036,0.08648288995027542,0.0005369703285396099,0.8723242282867432,0.08278356492519379,0.0005873425398021936,0.7927314043045044,0.47633951902389526,0.00010258501424686983,0.9731793403625488,0.34654486179351807,0.0003374444495420903,0.8783029317855835,0.2858123481273651,0.0006090019596740603,0.7588803768157959,0.2908330261707306,0.0007683677249588072
rock,bsXoToIcgrXUypd0.png,0.0,0.0,0.0,0.2975711226463318,-0.43195247650146484,5.4493426432600245e-05,1.1249550580978394,-0.6332406997680664,1.6468500689370558e-05,1.3728896379470825,-0.5129263997077942,7.574292249046266e-05,1.0330208539962769,-0.3280961513519287,-2.7439076802693307e-05,1.2844270467758179,-0.34479355812072754,0.00013165603741072118,1.0930992364883423,-0.4043525159358978,0.000263243360677734,0.9551547765731812,-0.3980679214000702,0.0003097238950431347,0.999757707118988,-0.022012213245034218,-6.842238508397713e-05,1.2446995973587036,-0.11682834476232529,0.00020523382409010082,1.1106770038604736,-0.1913817673921585,0.0003911913954652846,0.9676049947738647,-0.18916890025138855,0.0004252134822309017,0.9177958965301514,0.22223596274852753,-7.477668259525672e-05,1.1160708665847778,0.10890080779790878,0.0001635462831472978,1.0109025239944458,0.042638543993234634,0.000396253599319607,0.8710973262786865,0.03492476046085358,0.00045117130503058434,0.8200099468231201,0.4256886839866638,-6.995604053372517e-05,0.982438325881958,0.2971670627593994,0.00015517811698373407,0.8858189582824707,0.23737820982933044,0.0004228273464832455,0.7741059064865112,0.24240870773792267,0.0005716911982744932
rock,BTcHjuerLAYWzx8S.png,0.0,0.0,0.0,0.33728426694869995,0.37807202339172363,0.0005527719622477889,0.8935319781303406,0.2965196669101715,0.0012271009618416429,0.9143306612968445,0.11669210344552994,0.0015205581439659,0.996284544467926,0.3083745241165161,0.0005901374970562756,1.0440157651901245,0.32790282368659973,0.0010620297398418188,0.8973569869995117,0.3163052797317505,0.0012080500600859523,0.7904784679412842,0.2950650751590729,0.0012271403102204204,0.9993993043899536,0.03465108200907707,0.0005126859759911895,1.0108517408370972,0.11976861953735352,0.0012129590613767505,0.8577735424041748,0.13482928276062012,0.0013253741199150681,0.7426835298538208,0.10860656201839447,0.001229801564477384,0.9193288087844849,-0.18336012959480286,0.000531814934220165,0.9552065134048462,-0.08862008899450302,0.0012401140993461013,0.82899409532547,-0.05102558061480522,0.001273531001061201,0.6986575722694397,-0.06161954998970032,0.0010862487833946943,0.8168542385101318,-0.3557698726654053,0.0005995964747853577,0.8706635236740112,-0.26473021507263184,0.0011625268962234259,0.7764405012130737,-0.20994846522808075,0.0013482432113960385,0.6678968667984009,-0.20689845085144043,0.0013864081120118499
rock,bu8W5hPRULeRi0Kr.png,0.0,0.0,0.0,0.2558164596557617,0.2613076865673065,-0.0003468363138381392,0.913126528263092,0.4526529908180237,-0.0005984926247037947,1.0694814920425415,0.43173155188560486,-0.0006025151233188808,0.9245591759681702,-0.2206050008535385,-4.716827243100852e-05,1.1451834440231323,0.29638242721557617,-0.0004790390667039901,0.9353708624839783,0.38814130425453186,-0.0007461938657797873,0.7892798781394958,0.2559771239757538,-0.0008979536360129714,0.958349347114563,-0.2855985760688782,-4.764243931276724e-05,1.1784683465957642,0.28165531158447266,-0.0005618076538667083,0.9323146343231201,0.3659532368183136,-0.0007384436321444809,0.7827450037002563,0.22914856672286987,-0.0007660322007723153,0.9665839672088623,-0.25041404366493225,-0.00012616085587069392,1.1770200729370117,0.29211920499801636,-0.0006283196271397173,0.9327648282051086,0.375663697719574,-0.0006181359058246017,0.8118171095848083,0.24968025088310242,-0.0005023605772294104,0.946688175201416,-0.1400739848613739,-0.00023177162802312523,1.1295832395553589,0.33338961005210876,-0.0005149401840753853,0.9365074634552002,0.3746715486049652,-0.0004523292591329664,0.8199687600135803,0.23645466566085815,-0.00035227631451562047
rock,Bv1IS98JTiuZC7Bs.png,0.0,0.0,0.0,0.21959272027015686,0.28128793835639954,-0.0006511967512778938,0.873491108417511,0.500095009803772,-0.0008740701014176011,0.9690179824829102,0.45845505595207214,-0.0007849836256355047,0.9852738976478577,-0.16423022747039795,-0.00023069516464602202,1.2049565315246582,0.23964808881282806,-0.0005143434391357005,0.9639320373535156,0.3344007134437561,-0.000719171657692641,0.8032192587852478,0.24052710831165314,-0.0008014186751097441,0.9689313769340515,-0.24732962250709534,5.243255873210728e-05,1.1355209350585938,0.20358633995056152,-0.00027673834119923413,0.8921250104904175,0.29526281356811523,-0.000449042214313522,0.7552920579910278,0.1938488781452179,-0.00048299794434569776,0.9368405938148499,-0.24392934143543243,0.00025980963255278766,1.0976040363311768,0.16008730232715607,-6.436175317503512e-05,0.8968836665153503,0.2446170449256897,-0.00012792277266271412,0.7832624316215515,0.1632034182548523,-7.122004899429157e-05,0.9002137184143066,-0.20371563732624054,0.00042704620864242315,1.0862125158309937,0.14076927304267883,0.00028852373361587524,0.9443341493606567,0.1908716857433319,0.00033058677217923105,0.8476037383079529,0.1088123545050621,0.00041849957779049873
rock,BvjXvNTvapIFq4bK.png,0.0,0.0,0.0,0.1834879070520401,-0.5020128488540649,-7.285690662683919e-05,1.0174709558486938,-0.9199925065040588,-0.00023700935707893223,1.2963743209838867,-0.7604160904884338,-0.00020324013894423842,0.9046783447265625,-0.5649448037147522,-0.0002951356000266969,1.1870040893554688,-0.5579161047935486,-0.00023367158428300172,1.018693447113037,-0.5724128484725952,-8.172223897418007e-05,0.8724586367607117,-0.5543719530105591,-8.583741873735562e-06,0.9717036485671997,-0.23620322346687317,-0.0003211525036022067,1.2373530864715576,-0.31053662300109863,-0.0001883745426312089,1.0994434356689453,-0.33064785599708557,-2.383492210356053e-05,0.94880610704422,-0.29158294200897217,2.7755559131037444e-05,0.9988367557525635,0.0669359415769577,-0.0003118966706097126,1.2376328706741333,-0.04107554256916046,-0.0002523688308428973,1.1197504997253418,-0.054371777921915054,-3.256864147260785e-05,0.9709485173225403,-0.022172313183546066,6.828884943388402e-05,0.9864113330841064,0.33867374062538147,-0.00029212975641712546,1.206220030784607,0.19937270879745483,-0.0002468316233716905,1.0954418182373047,0.1910320371389389,-1.9293638615636155e-05,0.9695261120796204,0.23780547082424164,0.0001479974016547203
rock,bvMd98SEEKS3YxmD.png,0.0,0.0,0.0,0.31842824816703796,0.3960574269294739,0.00010402594489278272,1.1044596433639526,0.5454045534133911,0.00016212101036217064,1.3538304567337036,0.46111610531806946,0.00020128012693021446,1.0416295528411865,0.28711453080177307,-6.129107350716367e-05,1.3019561767578125,0.2477443665266037,1.55260058818385e-05,1.1476579904556274,0.30090489983558655,5.518281977856532e-05,1.0089250802993774,0.3265780508518219,7.89953483035788e-05,0.9999630451202393,0.008599747903645039,-0.00011258495942456648,1.1990857124328613,0.03242991864681244,9.9706303444691e-05,1.0663224458694458,0.0945810079574585,0.00016228064487222582,0.9269140958786011,0.11559351533651352,0.00013177657092455775,0.9036081433296204,-0.23494744300842285,-0.00011637868010438979,1.0189253091812134,-0.16141444444656372,0.00013204784772824496,0.9103071689605713,-0.10749779641628265,0.00026632609660737216,0.7803165316581726,-0.09633378684520721,0.0002592134987935424,0.7903754711151123,-0.4415488839149475,-0.00011274768621660769,0.8820645213127136,-0.35324719548225403,0.00011787731637014076,0.7782951593399048,-0.30838000774383545,0.0003235431504435837,0.6686505675315857,-0.2938910126686096,0.0004455386660993099
rock,Bvw2wNs7Vb4H5nx9.png,0.0,0.0,0.0,0.4970066249370575,0.27541983127593994,-3.423735324759036e-05,1.3086570501327515,0.0832902267575264,-9.214117744704708e-05,1.5151270627975464,-0.10834860801696777,-9.111691178986803e-05,1.0590664148330688,-0.1692272424697876,-4.659080150304362e-05,1.3376423120498657,-0.27532488107681274,-0.00012109438102925196,1.201480746269226,-0.13986437022686005,-0.00021857274987269193,1.0615975856781006,-0.05510309711098671,-0.00027226845850236714,0.8995259404182434,-0.43686723709106445,-6.238404603209347e-05,1.1641870737075806,-0.4632295072078705,6.836219836259261e-05,1.0745245218276978,-0.3442263603210449,8.833633182803169e-05,0.9557374715805054,-0.2843322157859802,2.1267651391099207e-05,0.7099506258964539,-0.6354114413261414,-7.098156493157148e-05,0.9312252998352051,-0.5953748226165771,8.354808232979849e-05,0.8584659099578857,-0.49365630745887756,0.00022892311972100288,0.7359890937805176,-0.4413819909095764,0.0002395470073679462,0.5210849046707153,-0.7770538330078125,-8.704463834874332e-05,0.7167941927909851,-0.7170988917350769,7.75664157117717e-05,0.6486586928367615,-0.6231391429901123,0.0003058348665945232,0.5408616065979004,-0.5715762376785278,0.0004486596444621682
rock,bVzc0yl2Cm3xkOgB.png,0.0,0.0,0.0,0.14748571813106537,-0.46714890003204346,-6.588279211428016e-05,0.8045328855514526,-0.8131923079490662,-3.2030937290983275e-05,1.034509539604187,-0.7619522213935852,3.845072933472693e-05,0.9138400554656982,-0.5355784296989441,9.20169404707849e-05,0.9122486114501953,-0.627758264541626,0.00017873913748189807,0.7458367347717285,-0.5974182486534119,0.00019035558216273785,0.6264453530311584,-0.5414953827857971,0.0001738935534376651,0.9624274373054504,-0.27153900265693665,9.474242688156664e-05,0.9099417328834534,-0.39171329140663147,0.00025679811369627714,0.7596378922462463,-0.38529613614082336,0.000226182586629875,0.6310676336288452,-0.33520373702049255,0.00015511106175836176,0.9339331388473511,-0.025330087170004845,0.00011254184937570244,0.8790911436080933,-0.15517577528953552,0.00016865490761119872,0.7500324249267578,-0.16310976445674896,0.00017008082068059593,0.6179309487342834,-0.13123789429664612,0.000142122691613622,0.8707895874977112,0.19589245319366455,0.0001319852308370173,0.8313300609588623,0.07116174697875977,0.00017742330965120345,0.7106841802597046,0.04879286140203476,0.0002846241113729775,0.6014332175254822,0.06458500772714615,0.0003848825872410089
rock,bX0QhJtFkkDn1bEw.png,0.0,0.0,0.0,0.4837089776992798,-0.4613991975784302,-0.00012170601257821545,1.5196421146392822,-0.6486471891403198,-0.0006164918304421008,1.7705565690994263,-0.36360469460487366,-0.0007348499493673444,1.0921961069107056,-0.2796362340450287,-0.000794694758951664,1.6450772285461426,-0.1869726926088333,-0.0010445266962051392,1.4313527345657349,-0.3327832520008087,-0.0010385403875261545,1.2111436128616333,-0.3765329420566559,-0.00099959468934685,0.9933161735534668,0.1154218465089798,-0.0008351448341272771,1.5039126873016357,0.07332545518875122,-0.0008496522204950452,1.3413769006729126,-0.06949875503778458,-0.0006152166752144694,1.1333338022232056,-0.0630122572183609,-0.0005177155253477395,0.8936643600463867,0.43701374530792236,-0.0008384530665352941,1.323117733001709,0.32528436183929443,-0.0008182472665794194,1.1906061172485352,0.20492489635944366,-0.00043859827565029263,0.9839850664138794,0.21065287292003632,-0.00024372732150368392,0.7905153036117554,0.6955656409263611,-0.0008363872766494751,1.1540457010269165,0.5277453660964966,-0.0007375486311502755,1.0285588502883911,0.433848112821579,-0.00037074892316013575,0.8519125580787659,0.4657537639141083,-0.000132883942569606
rock,BYG1hwCG8M64UXIV.png,0.0,0.0,0.0,0.2893058657646179,-0.41180384159088135,0.00042110553476959467,0.9408765435218811,-0.4415283203125,0.0008887700387276709,1.0439728498458862,-0.2953144609928131,0.0011014289921149611,0.9873622059822083,-0.41434478759765625,0.0006272905739024282,1.2103230953216553,-0.44492658972740173,0.001015135901980102,1.0647155046463013,-0.45370736718177795,0.0012092343531548977,0.931058943271637,-0.4445098340511322,0.0013110783183947206,0.9925562739372253,-0.12178581953048706,0.0005250917165540159,1.1358671188354492,-0.20945878326892853,0.0010667475871741772,0.9972506761550903,-0.25210654735565186,0.0012323627015575767,0.8629916310310364,-0.25213825702667236,0.0012537686852738261,0.9170219302177429,0.1316079944372177,0.00047055972390808165,1.0098406076431274,-0.001760376151651144,0.0009502515313215554,0.8965168595314026,-0.05475116893649101,0.0010426861699670553,0.7614874839782715,-0.05011628568172455,0.0009916335111483932,0.8206732273101807,0.326747864484787,0.00045386451529338956,0.8988756537437439,0.18244396150112152,0.000939897377975285,0.8045880794525146,0.12293101102113724,0.0011977680260315537,0.6925365328788757,0.13214823603630066,0.0013164558913558722
rock,BYoDUgGsCMmAIF9I.png,0.0,0.0,0.0,0.3042493164539337,0.41266024112701416,0.0005407040007412434,0.9361196160316467,0.45085540413856506,0.0010983688989654183,0.9985436797142029,0.29187342524528503,0.0013460833579301834,0.9568237662315369,0.4016464054584503,0.00033806130522862077,1.1300325393676758,0.4306221306324005,0.0007785368943586946,0.9821987748146057,0.42132750153541565,0.0010277737164869905,0.8670558929443359,0.3960781395435333,0.001135152531787753,0.9927529096603394,0.12017320096492767,0.00023056421196088195,1.1121212244033813,0.23627270758152008,0.0008480884716846049,0.9697192907333374,0.250761479139328,0.0010756569681689143,0.853108286857605,0.21594612300395966,0.0010885163210332394,0.9561042785644531,-0.11981923878192902,0.00022889154206495732,1.0679609775543213,0.024857718497514725,0.0008729224209673703,0.9456822276115417,0.04634791240096092,0.0010200629476457834,0.815287709236145,0.009415999986231327,0.0009285018895752728,0.8900043964385986,-0.31018969416618347,0.0002744862576946616,1.0006489753723145,-0.1560155153274536,0.0007956429035402834,0.8958502411842346,-0.12176337093114853,0.001035299152135849,0.7834817171096802,-0.15366220474243164,0.0011195782572031021
rock,c1rdxANL8E7yG3ZI.png,0.0,0.0,0.0,0.17646124958992004,0.5572325587272644,-0.0002571671502664685,1.0495322942733765,0.860088586807251,-0.0005899979150854051,1.2816157341003418,0.6316949129104614,-0.0006906678318046033,0.9298627376556396,0.6560637950897217,-0.0008412168244831264,1.4118545055389404,0.5546483993530273,-0.001181554514914751,1.244569182395935,0.5864623188972473,-0.0013664296129718423,1.042413353919983,0.6315916776657104,-0.0014344125520437956,0.9729715585708618,0.2309233844280243,-0.0008231786778196692,1.3769999742507935,0.2628898024559021,-0.0009414433152414858,1.2355149984359741,0.3073479235172272,-0.0009010147186927497,1.0485724210739136,0.3012945055961609,-0.0009099444723688066,0.986001193523407,-0.12921671569347382,-0.0007846871740184724,1.2994930744171143,-0.044847335666418076,-0.000799178087618202,1.171334147453308,-0.004130243323743343,-0.0005691472324542701,1.0101516246795654,-0.0067356666550040245,-0.00046598384506069124,0.9653865098953247,-0.4324894845485687,-0.0007620280375704169,1.232977032661438,-0.2866571247577667,-0.00069878448266536,1.1015657186508179,-0.26175758242607117,-0.00040423450991511345,0.969117283821106,-0.28401654958724976,-0.00019825594790745527
rock,C5KTDubAmdwtcK6u.png,0.0,0.0,0.0,0.31435057520866394,0.39540448784828186,9.786975715542212e-05,1.1260684728622437,0.5255171060562134,0.0002439009549561888,1.362203598022461,0.421917200088501,0.0003254897310398519,1.0460433959960938,0.266771525144577,8.383451495319605e-05,1.2731844186782837,0.20132704079151154,0.0001397608866682276,1.1220533847808838,0.24348184466362,0.00010899088374571875,0.9809419512748718,0.27985620498657227,8.127903856802732e-05,0.9997855424880981,-0.02071145735681057,4.106758569832891e-05,1.1764898300170898,-0.021983299404382706,0.0002672110276762396,1.0549808740615845,0.02516080252826214,0.000298283965094015,0.9247056245803833,0.0517844520509243,0.0002464733843225986,0.8996671438217163,-0.2763775587081909,2.798997775244061e-05,1.0161476135253906,-0.2308429330587387,0.0002718594332691282,0.9145764112472534,-0.1782364696264267,0.00038684808532707393,0.7890329957008362,-0.15234112739562988,0.00037324021104723215,0.7770691514015198,-0.493228018283844,1.728956885926891e-05,0.8660439848899841,-0.41717904806137085,0.0002384185208939016,0.7646691799163818,-0.37037011981010437,0.0004339408769737929,0.6621091961860657,-0.34478312730789185,0.0005553224473260343
rock,C82Z7IFPlfaDFF71.png,0.0,0.0,0.0,0.30278459191322327,0.42160579562187195,0.00022354511020239443,1.1097800731658936,0.6488921642303467,0.0003492464602459222,1.2936283349990845,0.4823721647262573,0.0003993485006503761,1.006883978843689,0.3811359703540802,-3.241249214624986e-05,1.26970636844635,0.32203125953674316,0.00012954926933161914,1.1144846677780151,0.3348485231399536,0.00021475297398865223,0.9732150435447693,0.3534269630908966,0.00025295259547419846,0.9965478777885437,0.08301977813243866,-0.00011123932927148417,1.1939290761947632,0.08875145763158798,0.0002195871202275157,1.0586708784103394,0.12090370804071426,0.0003478039870969951,0.9234262704849243,0.13768251240253448,0.00032675304100848734,0.9271763563156128,-0.17485997080802917,-0.00011858769721584395,1.0656758546829224,-0.12659065425395966,0.00025016444851644337,0.9532055258750916,-0.08237557113170624,0.0004191625048406422,0.8199032545089722,-0.07477583736181259,0.0003931809915229678,0.8312397003173828,-0.39646175503730774,-0.00010765848855953664,0.9529929161071777,-0.3208407759666443,0.00022129472927190363,0.8447004556655884,-0.2880418598651886,0.0004720218712463975,0.7349598407745361,-0.27971023321151733,0.0005947726313024759
rock,CEyvCbffQZzgGEL4.png,0.0,0.0,0.0,0.30284383893013,0.45444348454475403,-5.656030771206133e-05,1.1645623445510864,0.6041883826255798,4.9194397433893755e-05,1.411934733390808,0.49508947134017944,0.0001575211645103991,1.0411041975021362,0.2590506672859192,-4.785914279636927e-05,1.3111313581466675,0.30092519521713257,-4.029893170809373e-05,1.14791738986969,0.3743453323841095,-9.118828893406317e-05,1.0021748542785645,0.3917999863624573,-0.00012558755406644195,0.99891597032547,-0.046548862010240555,-3.7247359614411835e-06,1.2344334125518799,0.07790861278772354,0.00016037494060583413,1.1120249032974243,0.15865786373615265,0.00016714954108465463,0.9786885380744934,0.1589837372303009,0.00010855182335944846,0.9093610048294067,-0.2812412679195404,5.984982999507338e-05,1.0858968496322632,-0.11668018996715546,0.00026212993543595076,0.9876254796981812,-0.04325319454073906,0.00036488298792392015,0.8583245277404785,-0.046820878982543945,0.0003521066391840577,0.8070719838142395,-0.4611506760120392,0.00011515503138070926,0.9486879706382751,-0.28382179141044617,0.0002977391704916954,0.8566782474517822,-0.22115743160247803,0.00046691769966855645,0.7483186721801758,-0.21290883421897888,0.0005719494074583054
rock,cfFHU3Y39yeofrTg.png,0.0,0.0,0.0,0.6283586621284485,-0.2368510365486145,-0.0006209497223608196,1.5336689949035645,0.20523308217525482,-0.0010492043802514672,1.3869699239730835,0.4175495207309723,-0.0011140541173517704,0.8822681307792664,0.6563406586647034,-0.00075329071842134,1.4786840677261353,1.0089964866638184,-0.0010434674331918359,1.4770058393478394,0.6488882303237915,-0.0010771065717563033,1.276970386505127,0.44669240713119507,-0.0010828913655132055,0.6869145035743713,0.7267380952835083,-0.0005700854235328734,1.3170552253723145,0.8384141325950623,-0.0008874265477061272,1.320671558380127,0.5034478306770325,-0.000834031670819968,1.1190664768218994,0.3716840147972107,-0.0007522490923292935,0.5301019549369812,0.6973279118537903,-0.00044224667362868786,1.1263047456741333,0.6915867328643799,-0.0007797799189575016,1.1411492824554443,0.4035232961177826,-0.0006465334445238113,0.9845671057701111,0.2922147214412689,-0.0005017010844312608,0.39162564277648926,0.6235017776489258,-0.0003416005347389728,0.93259596824646,0.6097934246063232,-0.0006377976387739182,0.9565211534500122,0.36613157391548157,-0.0004872548161074519,0.8095017671585083,0.24810275435447693,-0.0003080439637415111
rock,cfyxwMjZmO6RYzLq.png,0.0,0.0,0.0,0.21191821992397308,0.5048937201499939,-1.374984367430443e-05,0.9988065361976624,0.717921257019043,-0.00020434914040379226,1.1938472986221313,0.5207019448280334,-0.000255036837188527,0.8853079676628113,0.7002133131027222,-0.0004843400092795491,1.3785672187805176,0.6441118717193604,-0.0007638855022378266,1.2308467626571655,0.6098368763923645,-0.0008699664031155407,1.023951768875122,0.6124189496040344,-0.0008642906323075294,0.9433099627494812,0.3319125473499298,-0.0005561427678912878,1.382881999015808,0.34728190302848816,-0.0006214937311597168,1.2419159412384033,0.3249261975288391,-0.0005411126185208559,1.0663628578186035,0.3097760081291199,-0.0004940066719427705,0.9754614233970642,-0.02307453751564026,-0.0006036984268575907,1.3364670276641846,0.047027476131916046,-0.000562049332074821,1.2048455476760864,0.04170360043644905,-0.00033153718686662614,1.0446709394454956,0.024776170030236244,-0.00021657065371982753,0.9770957827568054,-0.3365668058395386,-0.0006438903510570526,1.3072826862335205,-0.2082412838935852,-0.0004945785622112453,1.1745259761810303,-0.1968209147453308,-0.00017086754087358713,1.0297802686691284,-0.21969051659107208,5.2786897867918015e-05
rock,cJOgpmKKBSPdPSeD.png,0.0,0.0,0.0,0.31488969922065735,0.3554876744747162,0.0001092588427127339,1.129601001739502,0.4920506477355957,0.00019789699581451714,1.3680698871612549,0.3977023661136627,0.0002457478840369731,1.0417641401290894,0.25720125436782837,2.725722333707381e-05,1.2681807279586792,0.1977987140417099,6.190747080836445e-05,1.111880898475647,0.23241539299488068,2.1883670342504047e-05,0.9742594957351685,0.2663184404373169,-6.961668987059966e-06,0.9997127652168274,-0.023967338725924492,-3.4131313441321254e-05,1.1690914630889893,-0.021958645433187485,0.00017993092478718609,1.0452866554260254,0.019738204777240753,0.00021824342547915876,0.9163343906402588,0.03829428181052208,0.00016727150068618357,0.9040554165840149,-0.27184322476387024,-6.223546370165423e-05,1.014089822769165,-0.22855009138584137,0.00017722081975080073,0.9031538367271423,-0.17787449061870575,0.00029638950945809484,0.7760409712791443,-0.155737042427063,0.00028106747777201235,0.7868158221244812,-0.4787522554397583,-8.51918084663339e-05,0.880271852016449,-0.4116862714290619,0.00013995687186252326,0.7717847228050232,-0.3722706735134125,0.00034899049205705523,0.664936363697052,-0.35395172238349915,0.0004739639116451144
rock,CkjdMgxvvA6Ll8Ca.png,0.0,0.0,0.0,0.2957092225551605,0.47423815727233887,-0.0002455039357300848,1.3301899433135986,0.5964809060096741,-0.0005169971263967454,1.6411832571029663,0.4293418228626251,-0.0005742303328588605,0.9892497658729553,0.5260751247406006,-0.0009800447151064873,1.5814357995986938,0.46848607063293457,-0.0014546702150255442,1.4287097454071045,0.479933500289917,-0.0015975416172295809,1.1836466789245605,0.4919576644897461,-0.0015897346893325448,0.9904208183288574,0.13807879388332367,-0.0009547726949676871,1.5127450227737427,0.10790570825338364,-0.0011749760014936328,1.3484768867492676,0.15393373370170593,-0.0010637593222782016,1.127521276473999,0.1677662581205368,-0.000994890695437789,0.9338002800941467,-0.2304675132036209,-0.0009204472880810499,1.3712924718856812,-0.2027689814567566,-0.0010278155095875263,1.2265766859054565,-0.1360071897506714,-0.0006912503740750253,1.0421085357666016,-0.1158684641122818,-0.0004970543668605387,0.8366057872772217,-0.5434619784355164,-0.0008875292260199785,1.1786054372787476,-0.4511376917362213,-0.0009490274242125452,1.0477937459945679,-0.3728945255279541,-0.0006481710006482899,0.8966197967529297,-0.35468146204948425,-0.00041140077519230545
rock,CKLOvn69epi2Qcxg.png,0.0,0.0,0.0,0.2821458876132965,0.4300819933414459,0.0001600427640369162,1.0695271492004395,0.6735599637031555,0.0002760825154837221,1.3255164623260498,0.6034389734268188,0.000340933765983209,1.0020164251327515,0.41098713874816895,0.00010979134822264314,1.2967538833618164,0.3726651966571808,0.00017939555982593447,1.132541537284851,0.3763262629508972,0.00017534589278511703,0.9730469584465027,0.38743099570274353,0.0001791238901205361,0.9936738610267639,0.11230458319187164,4.802781768376008e-05,1.2070409059524536,0.11803313344717026,0.00031983377994038165,1.0723286867141724,0.14768467843532562,0.0003904864133801311,0.931216835975647,0.166052907705307,0.00035080299130640924,0.9228135347366333,-0.15228261053562164,2.2531692593474872e-05,1.0675384998321533,-0.1041424348950386,0.00032641395227983594,0.9511940479278564,-0.06185709312558174,0.00046908517833799124,0.8195900917053223,-0.052404794842004776,0.0004527300188783556,0.8236812353134155,-0.381784051656723,6.7015162130701356e-06,0.9411224722862244,-0.3028208613395691,0.0002867603034246713,0.8246577382087708,-0.2705111801624298,0.0005250169197097421,0.7116056680679321,-0.2634379267692566,0.000661405676510185
rock,CpWDLKaUbf6poyIj.png,0.0,0.0,0.0,0.2703346312046051,0.3945014178752899,-2.755713285296224e-05,1.1791954040527344,0.5734423398971558,-0.0002009409508900717,1.5147923231124878,0.5844303965568542,-0.0002572282392065972,0.9598361849784851,0.5751978158950806,-0.0004845983348786831,1.5386890172958374,0.3896045386791229,-0.0008398389327339828,1.40599524974823,0.3163333535194397,-0.0009584726067259908,1.1874487400054932,0.33775192499160767,-0.0009528488735668361,0.9699032306671143,0.2434898465871811,-0.0005888227606192231,1.53792142868042,0.09075041115283966,-0.000832517456728965,1.3545492887496948,0.0294369887560606,-0.0007615265203639865,1.137871503829956,0.06590597331523895,-0.0006811460480093956,0.95099276304245,-0.09140630811452866,-0.0006807800382375717,1.4776281118392944,-0.20118559896945953,-0.0008936480153352022,1.304175615310669,-0.22572948038578033,-0.0006201793439686298,1.0941076278686523,-0.1754792481660843,-0.000400489749154076,0.9016810059547424,-0.4133203327655792,-0.0007599465898238122,1.3323100805282593,-0.4523980915546417,-0.0009383782744407654,1.2074016332626343,-0.4431256949901581,-0.0007134838378988206,1.0353657007217407,-0.39887094497680664,-0.0004844263312406838
rock,cWKDIx5D1KB0zqjF.png,0.0,0.0,0.0,0.24545620381832123,0.2857646346092224,-0.0007452222052961588,0.9214252829551697,0.4892921447753906,-0.0010399165330454707,1.1095752716064453,0.5094224810600281,-0.0009463943424634635,0.9024703502655029,-0.2804372012615204,-0.000569503172300756,1.256967544555664,0.11857571452856064,-0.0009608555701561272,1.0189838409423828,0.23648598790168762,-0.00114850711543113,0.8417942523956299,0.1618081033229828,-0.001218904391862452,0.915020763874054,-0.40340670943260193,-0.0002742102660704404,1.2275583744049072,0.05803291127085686,-0.0006724142003804445,0.9861826300621033,0.1767343133687973,-0.0007566038984805346,0.8474059700965881,0.09002071619033813,-0.0007362223113887012,0.8975104093551636,-0.428625226020813,-5.946211967966519e-05,1.1759841442108154,-0.015072215348482132,-0.0004214348446112126,0.9730153679847717,0.10170780122280121,-0.00038139100070111454,0.8638928532600403,0.0207525547593832,-0.000275786267593503,0.8511463403701782,-0.401667982339859,0.00010176324576605111,1.0849697589874268,-0.08310069888830185,-0.00012493583199102432,0.9498308300971985,-0.0032352188136428595,-9.097436850424856e-05,0.8625609278678894,-0.07429107278585434,-9.583099199517164e-06
rock,cx9zu6O87PURa2ve.png,0.0,0.0,0.0,0.22784221172332764,0.43918097019195557,9.20202728593722e-05,0.8508201837539673,0.5673789381980896,0.00017448047583457083,0.9882994890213013,0.43146759271621704,0.00025172444293275476,0.9745082855224609,0.422319233417511,-0.00019434191926848143,1.133776068687439,0.45131123065948486,-6.932596443220973e-05,0.9806559681892395,0.4559738039970398,2.490896986273583e-05,0.8528820872306824,0.42412909865379333,5.624432014883496e-05,0.9930466413497925,0.11772102117538452,-0.00023274443810805678,1.1239848136901855,0.1999274343252182,5.054334178566933e-05,0.9851794838905334,0.2181033343076706,0.00019276002421975136,0.8505653142929077,0.19324925541877747,0.00019174419867340475,0.9382456541061401,-0.15697769820690155,-0.00021353986812755466,1.0652579069137573,-0.041657060384750366,6.947897782083601e-05,0.9486439824104309,-0.011561023071408272,0.0002260439796373248,0.7968558669090271,-0.02762852981686592,0.0002155057736672461,0.840878963470459,-0.3848608434200287,-0.00018252474546898156,0.957930862903595,-0.28067147731781006,2.9828461265424266e-05,0.8553977608680725,-0.23540006577968597,0.00024068341008387506,0.731130838394165,-0.24149204790592194,0.00036669374094344676
rock,cy37is7PNfZQJ6SU.png,0.0,0.0,0.0,0.30992960929870605,0.48187363147735596,-1.9212800907553174e-05,1.2929922342300415,0.8667764067649841,-0.0002234442363260314,1.5744162797927856,0.6813539862632751,-0.0002961523423437029,0.9906187653541565,0.5252886414527893,-0.0006563086644746363,1.5932096242904663,0.4176686406135559,-0.0009845446329563856,1.4254658222198486,0.43354249000549316,-0.0011432607425376773,1.1917935609817505,0.46726635098457336,-0.0011620121076703072,0.988477349281311,0.1513669192790985,-0.000712704670149833,1.5594465732574463,0.11514180898666382,-0.0007901476928964257,1.3873331546783447,0.15342676639556885,-0.0006724536651745439,1.178115963935852,0.17426007986068726,-0.0006314006168395281,0.9667859077453613,-0.18365232646465302,-0.000732544285710901,1.493983507156372,-0.17165668308734894,-0.0007227368769235909,1.344286561012268,-0.12116532772779465,-0.0004133452894166112,1.1454243659973145,-0.09803056716918945,-0.00025939528131857514,0.9418221712112427,-0.46506088972091675,-0.0007479694322682917,1.3688416481018066,-0.40167540311813354,-0.0007000608602538705,1.2563434839248657,-0.3561929166316986,-0.0003913309483323246,1.095841884613037,-0.34524109959602356,-0.00017923668201547116
rock,cY3jY96VetFq6Ayp.png,0.0,0.0,0.0,0.11052440851926804,-0.502228319644928,-0.0001312105596298352,0.9347842335700989,-0.9159663915634155,-0.00021175226720515639,1.193719744682312,-0.8033343553543091,-0.0001363700721412897,0.8750550150871277,-0.6296424269676208,-0.00035594345536082983,1.1678465604782104,-0.6267547011375427,-0.0002978952252306044,0.9840489625930786,-0.6110509634017944,-0.0001534371403977275,0.8203231692314148,-0.591820240020752,-7.69906910136342e-05,0.9610848426818848,-0.2762530446052551,-0.00034886455978266895,1.2119872570037842,-0.3643450438976288,-0.00023743673227727413,1.0663392543792725,-0.365970253944397,-0.00011358901974745095,0.9078257083892822,-0.31776654720306396,-7.530471339123324e-05,1.0061111450195312,0.040252309292554855,-0.000307937094476074,1.2199530601501465,-0.07640395313501358,-0.0002463590062689036,1.0953751802444458,-0.08220846951007843,-5.4112602811073884e-05,0.9425137042999268,-0.04520462453365326,2.9046297640888952e-05,1.0130488872528076,0.31365707516670227,-0.00026108682504855096,1.1997663974761963,0.17473147809505463,-0.00020341743947938085,1.0785073041915894,0.17566484212875366,2.005203532462474e-05,0.956421434879303,0.2238215208053589,0.00018249652930535376
rock,d5fTHW3xnYsDhax5.png,0.0,0.0,0.0,0.20378637313842773,0.4857596457004547,-9.625638631405309e-05,0.9221152067184448,0.8943174481391907,-0.0002625918423291296,1.0785468816757202,0.7273333668708801,-0.0003231347363907844,0.9813318252563477,0.47883984446525574,-0.00028059881879016757,1.2189849615097046,0.4915679097175598,-0.00041288952343165874,1.0438926219940186,0.5194617509841919,-0.0005601814482361078,0.8769522905349731,0.5168309211730957,-0.0006504855118691921,0.9882480502128601,0.1528584063053131,-0.0003142728819511831,1.1763602495193481,0.2344239503145218,-0.00024570926325395703,1.0262787342071533,0.27328598499298096,-0.0002702333149500191,0.8701144456863403,0.26038071513175964,-0.0003589387342799455,0.9295925498008728,-0.1345125287771225,-0.00032832068973220885,1.0845657587051392,-0.024928346276283264,-0.0002110326022375375,0.9648101329803467,0.02408917061984539,-9.402590512763709e-05,0.8159162998199463,0.020706087350845337,-9.992851119022816e-05,0.8386178612709045,-0.3829769790172577,-0.0003528261440806091,0.9671324491500854,-0.2567904591560364,-0.00020645983750000596,0.8529344797134399,-0.20149461925029755,1.4648016986029688e-05,0.7216705679893494,-0.20051519572734833,0.00015484457253478467
rock,D7Ykcj1tYAannu8h.png,0.0,0.0,0.0,0.3795747756958008,0.3614015281200409,0.00042740083881653845,0.9903426766395569,0.26756343245506287,0.0007784238550812006,1.0253310203552246,0.08604787290096283,0.0009097697911784053,1.0128806829452515,0.2995431125164032,0.00039191776886582375,1.2653675079345703,0.23562009632587433,0.0005960231646895409,1.1280673742294312,0.24071437120437622,0.0006795212393626571,0.9886614680290222,0.2575954496860504,0.0007260116399265826,0.9999518990516663,0.009804896079003811,0.0002586300834082067,1.1878857612609863,0.024191664531826973,0.0006690950831398368,1.052507758140564,0.05327776074409485,0.0008290351252071559,0.9267435073852539,0.0647767186164856,0.0008530715713277459,0.9203426241874695,-0.2474815398454666,0.00017855230544228107,1.0423475503921509,-0.16745683550834656,0.000646074884571135,0.9269757270812988,-0.13515734672546387,0.0007819742895662785,0.7993972897529602,-0.13913780450820923,0.0007461602217517793,0.8135343194007874,-0.4610554575920105,0.00012479627912398428,0.9210299253463745,-0.34926506876945496,0.0005734238657169044,0.8207694888114929,-0.3052261769771576,0.0008213393157348037,0.7112163305282593,-0.3043864369392395,0.0009390381164848804
rock,d9UIt2WF1O9DYHPA.png,0.0,0.0,0.0,0.33208683133125305,0.44786718487739563,1.0544015822233632e-05,1.1800156831741333,0.6328902840614319,-5.9614812926156446e-05,1.3925666809082031,0.4702546298503876,-8.146109757944942e-05,1.0417557954788208,0.32547610998153687,-0.0002590144576970488,1.3827191591262817,0.2840888202190399,-0.00039700267370790243,1.212813138961792,0.3387112021446228,-0.0005094328662380576,1.0350042581558228,0.3745039701461792,-0.0005634245462715626,0.9999828934669495,0.005843669641762972,-0.00032059423392638564,1.2754744291305542,0.042257435619831085,-0.00025917444145306945,1.129477858543396,0.10990726202726364,-0.00022028115927241743,0.972362756729126,0.12948118150234222,-0.00025656860088929534,0.9040130376815796,-0.2667359411716461,-0.00035405709058977664,1.1161519289016724,-0.18524932861328125,-0.0002449386229272932,0.9988466501235962,-0.11889754980802536,-6.584978109458461e-05,0.8584420084953308,-0.10247285664081573,-2.204289921792224e-05,0.7826464176177979,-0.4906146228313446,-0.0003860084980260581,0.9710901379585266,-0.3811643123626709,-0.0002623855252750218,0.8590378761291504,-0.32309967279434204,-1.3512654732039664e-05,0.7357805967330933,-0.3136309087276459,0.00014948520401958376
rock,dA1kwqyPaGEErN3j.png,0.0,0.0,0.0,0.1179785206913948,0.5698650479316711,-0.00026028198772110045,0.9629135131835938,0.9880955815315247,-0.0005394036998040974,1.2120866775512695,0.788349986076355,-0.0006048541981726885,0.8506482839584351,0.7359517216682434,-0.0007958976784721017,1.3303624391555786,0.7117390632629395,-0.001082878326997161,1.152838945388794,0.7245848178863525,-0.0012267676647752523,0.9563131928443909,0.7427039742469788,-0.0012720535742118955,0.9414681792259216,0.3371011018753052,-0.0007515829638577998,1.3228545188903809,0.427658349275589,-0.0008247609948739409,1.1746346950531006,0.4544757902622223,-0.0007696229149587452,1.0037909746170044,0.4292392432689667,-0.000766502576880157,0.9965940117835999,-0.005314265843480825,-0.0006849368219263852,1.276307225227356,0.135455921292305,-0.0006520844763144851,1.1427443027496338,0.1606154441833496,-0.0004430715343914926,0.9918010234832764,0.1334657520055771,-0.0003584848309401423,1.012021780014038,-0.2909739911556244,-0.0006349563482217491,1.2300121784210205,-0.10271409898996353,-0.0005414406186901033,1.093453049659729,-0.0929449126124382,-0.00027125116321258247,0.9681717753410339,-0.1361328810453415,-8.292937855003402e-05
rock,DBvjNfYD7dv2f3gw.png,0.0,0.0,0.0,0.2239990383386612,0.48822277784347534,-0.0002101474383380264,0.9244935512542725,0.6927905082702637,-0.0003912751853931695,1.0035841464996338,0.5024588108062744,-0.0004402251506689936,1.041509985923767,0.2781546115875244,-0.000414068199461326,1.1089221239089966,0.48993298411369324,-0.0005956250242888927,0.9115607738494873,0.5154362916946411,-0.0008320275810547173,0.7803070545196533,0.45353633165359497,-0.0010250599589198828,0.9993107318878174,-0.03711969032883644,-0.00040559546323493123,1.084781527519226,0.22314712405204773,-0.00043562534847296774,0.9368283152580261,0.28099027276039124,-0.0005343503435142338,0.8065418601036072,0.2152542918920517,-0.0006832347717136145,0.8794413805007935,-0.27506574988365173,-0.0003809684712905437,0.9770264029502869,-0.01701384410262108,-0.00039695159648545086,0.8589242100715637,0.05153610184788704,-0.00034573100856505334,0.7346305847167969,0.009261363185942173,-0.0003807840694207698,0.7306541800498962,-0.45280104875564575,-0.0003675624029710889,0.8446015119552612,-0.21957333385944366,-0.00038077784120105207,0.7443662285804749,-0.1326337605714798,-0.00024174468126147985,0.6407516598701477,-0.144365593791008,-0.00015832972712814808
rock,dD2TpDGv5gsYUJAl.png,0.0,0.0,0.0,0.26426929235458374,-0.4329451620578766,6.160033808555454e-05,0.9872075915336609,-0.6191631555557251,0.00017570058116689324,1.2253851890563965,-0.5872341990470886,0.00028995712636969984,1.019261360168457,-0.34158241748809814,0.0002532272192183882,1.1649746894836426,-0.43193817138671875,0.0004607617447618395,0.9962792992591858,-0.4817233383655548,0.0005579146090894938,0.8577173948287964,-0.4589225649833679,0.0005910496111027896,0.9971396327018738,-0.07558077573776245,0.00024431623751297593,1.0933178663253784,-0.2303122580051422,0.0005428966251201928,0.9585453867912292,-0.2911183536052704,0.0006151346024125814,0.8225955963134766,-0.2704381048679352,0.0005818507634103298,0.9118382334709167,0.15009498596191406,0.00025728277978487313,1.0042967796325684,-0.024132998660206795,0.00046674328041262925,0.8852693438529968,-0.08413238823413849,0.0005569900968112051,0.739806056022644,-0.07409539073705673,0.0005420633824542165,0.8036775588989258,0.340684175491333,0.0002818638167809695,0.8804903626441956,0.18010196089744568,0.00045161551679484546,0.7796599268913269,0.10925275087356567,0.000613924756180495,0.6639914512634277,0.1103869080543518,0.0007173200719989836
rock,DEX2gmMwS3fxdi23.png,0.0,0.0,0.0,0.2259979248046875,0.48102709650993347,-0.00015895633259788156,0.9448102116584778,0.6045165657997131,-0.00013769407814834267,1.0109567642211914,0.4058587849140167,-3.393918086658232e-05,0.9831793904304504,0.3465193212032318,-0.0005630585947073996,1.2817331552505493,0.5809775590896606,-0.0006190136191435158,1.1097784042358398,0.5766276717185974,-0.0005869861342944205,0.9298010468482971,0.4761037826538086,-0.0005748259136453271,0.999742329120636,0.022695505991578102,-0.00048672189586795866,1.2196115255355835,0.2633696496486664,-0.0003709741577040404,1.0564923286437988,0.30689939856529236,-0.0002302854845765978,0.8951402902603149,0.24979031085968018,-0.00020988027972634882,0.929375171661377,-0.218497633934021,-0.0003769746981561184,1.118116855621338,0.008475673384964466,-0.0002019767853198573,0.9881162047386169,0.066328264772892,-2.0285038772271946e-05,0.8285630345344543,0.02027318812906742,5.764381398876139e-07,0.8207943439483643,-0.40221530199050903,-0.0002762948861345649,0.9937173128128052,-0.19637687504291534,-0.00011042317055398598,0.8862594366073608,-0.1296301931142807,8.892759069567546e-05,0.7485496401786804,-0.16633205115795135,0.00019216505461372435
rock,DFi1cIxsQrXxIoWn.png,0.0,0.0,0.0,0.1868959665298462,-0.482453316450119,0.0004488059494178742,0.7985205054283142,-0.6755924820899963,0.0007899441989138722,0.941861629486084,-0.5411481857299805,0.0009683694806881249,0.819278359413147,-0.6805663108825684,4.527615965344012e-05,1.0654213428497314,-0.7758700251579285,0.0005718145985156298,0.9141862988471985,-0.7097039222717285,0.0010400796309113503,0.7918256521224976,-0.6564795970916748,0.0013080151984468102,0.9223039746284485,-0.3864651322364807,-3.765505607589148e-05,1.0967706441879272,-0.5118810534477234,0.0006009231437928975,0.9439225792884827,-0.49119052290916443,0.000926703738514334,0.8113313317298889,-0.4552363455295563,0.001010172301903367,0.9504743814468384,-0.1073044016957283,4.337125574238598e-06,1.065782070159912,-0.26594245433807373,0.0006237598718144,0.9432825446128845,-0.27123963832855225,0.000813932390883565,0.8133018612861633,-0.23596294224262238,0.0007558932993561029,0.9384785294532776,0.11658208072185516,0.0001047402256517671,1.0338501930236816,-0.06366788595914841,0.0006640765350311995,0.9193852543830872,-0.08132108300924301,0.0009731875616125762,0.8171462416648865,-0.041777513921260834,0.0010893557919189334
rock,DHqDt7x3dw4jZmp9.png,0.0,0.0,0.0,0.27927032113075256,0.40745025873184204,5.434079866972752e-05,1.0582287311553955,0.6298573613166809,9.054716065293178e-05,1.274627685546875,0.50270015001297,0.0001274582027690485,1.0148965120315552,0.34667232632637024,-0.0001063575764419511,1.2996727228164673,0.3151548206806183,-0.00010271602513967082,1.1286954879760742,0.3527975082397461,-0.00015382980927824974,0.9759905934333801,0.3773880898952484,-0.0001916849141707644,0.9985096454620361,0.05457451567053795,-0.0001467727415729314,1.2288647890090942,0.08282287418842316,2.330138704564888e-05,1.0934693813323975,0.12545141577720642,7.121896487660706e-05,0.9565377235412598,0.13280294835567474,2.3675716875004582e-05,0.9265934228897095,-0.20256568491458893,-0.0001506557600805536,1.121446132659912,-0.1459663063287735,4.120136145502329e-05,1.013148546218872,-0.1005968376994133,0.00018996713333763182,0.8784466981887817,-0.09421572089195251,0.00019879262254107744,0.832913875579834,-0.42144784331321716,-0.00014919988461770117,1.0223093032836914,-0.3337846100330353,3.230106085538864e-05,0.9200937747955322,-0.2906111478805542,0.0002714538713917136,0.8006903529167175,-0.28144749999046326,0.00042100241989828646
rock,DJUhF4lvtGZoaatl.png,0.0,0.0,0.0,0.24970443546772003,0.3807528614997864,0.0002593310200609267,0.7783222794532776,0.41984325647354126,0.0005937007372267544,0.8438722491264343,0.2667384147644043,0.0007476749597117305,0.9707013964653015,0.35722804069519043,0.0004125460400246084,0.9558738470077515,0.445072740316391,0.0006218060734681785,0.8053871989250183,0.42114514112472534,0.0005901010008528829,0.7104169130325317,0.36791977286338806,0.0005137754487805068,0.9944959878921509,0.10477405041456223,0.0003529730602167547,0.9512484073638916,0.2149062603712082,0.0007218167302198708,0.7986090183258057,0.2120310217142105,0.0007060531061142683,0.6861178874969482,0.16296227276325226,0.0005959550617262721,0.9326048493385315,-0.11376418173313141,0.0003392031358089298,0.9050240516662598,-0.0033818394877016544,0.000696459086611867,0.7708607316017151,0.018822351470589638,0.0006907542701810598,0.648832380771637,-0.00898249913007021,0.0005821302765980363,0.8322815299034119,-0.29464638233184814,0.0003481546009425074,0.8361284136772156,-0.19685202836990356,0.0006344496505334973,0.7190009951591492,-0.16230469942092896,0.0007778650615364313,0.613848865032196,-0.17756226658821106,0.0008548492914997041
rock,dLacOlQK2ZsURwOa.png,0.0,0.0,0.0,0.2935875356197357,0.4018535315990448,2.7847856472362764e-05,1.1029695272445679,0.4549350440502167,4.0890867239795625e-05,1.3909602165222168,0.45742759108543396,9.929578664014116e-05,1.0361049175262451,0.2617879807949066,-4.026767783216201e-05,1.470192790031433,0.16877448558807373,-0.0002139368443749845,1.3309155702590942,0.24408772587776184,-0.00032108573941513896,1.1248599290847778,0.2970180809497833,-0.0003208362322766334,0.9994838833808899,-0.03212202340364456,-5.796137702418491e-05,1.396833896636963,-0.07456935942173004,-2.6591878850013018e-05,1.2543277740478516,0.021905256435275078,3.847604602924548e-05,1.082692265510559,0.06406015157699585,7.406064833048731e-05,0.9079802632331848,-0.27656716108322144,-7.539114449173212e-05,1.2947824001312256,-0.29620540142059326,-6.6371312641422264e-06,1.1775230169296265,-0.20160725712776184,0.00020456202037166804,1.0191974639892578,-0.16175438463687897,0.00032210888457484543,0.7899046540260315,-0.46784064173698425,-8.781942597124726e-05,1.1133308410644531,-0.462302565574646,1.1468020602478646e-05,1.023422122001648,-0.3811318576335907,0.00026428778073750436,0.8974651098251343,-0.3438742756843567,0.00045962200965732336
rock,dLrum1jVnQix8sV5.png,0.0,0.0,0.0,0.317404180765152,0.4147743582725525,9.86651357379742e-05,1.1420637369155884,0.5836064219474792,0.00021064863540232182,1.4229974746704102,0.5481719374656677,0.00029341079061850905,1.0426037311553955,0.3367048501968384,2.9153359719202854e-05,1.3726133108139038,0.28377342224121094,2.3477210561395623e-05,1.2083501815795898,0.33863365650177,-1.6168797856153105e-06,1.0432381629943848,0.3753525912761688,5.65019126952393e-06,0.9992547035217285,0.03860197588801384,-3.7273025554895867e-06,1.2388216257095337,0.06554137915372849,0.0001617708767298609,1.0996177196502686,0.120036780834198,0.00020271567336749285,0.9542385935783386,0.14358967542648315,0.0001776701828930527,0.9106100797653198,-0.21667930483818054,-9.60531451710267e-06,1.0607903003692627,-0.13216835260391235,0.0002146752376575023,0.9512045979499817,-0.08095932006835938,0.0003467234200797975,0.8177511096000671,-0.06704839318990707,0.00035382629721425474,0.8024901151657104,-0.4303949475288391,-1.111156689148629e-05,0.9311878085136414,-0.3172995448112488,0.00022245077707339078,0.8209929466247559,-0.2750488221645355,0.00043694325722754,0.7059877514839172,-0.2628588378429413,0.0005752266151830554
rock,DNnBWydGbZkwxkWz.png,0.0,0.0,0.0,0.20432902872562408,0.4607188105583191,3.562785195754259e-06,1.030396819114685,0.8398381471633911,4.361897663329728e-05,1.2704075574874878,0.711241602897644,7.140562229324132e-05,0.9486466646194458,0.5769427418708801,-4.023508881800808e-05,1.2750744819641113,0.49402186274528503,-9.920052980305627e-05,1.1328126192092896,0.47177791595458984,-0.00019971441361121833,0.9792158007621765,0.4938352108001709,-0.000268030067672953,0.9635741114616394,0.26744145154953003,-7.955272303661332e-05,1.2300772666931152,0.24148277938365936,1.550618094370293e-06,1.090707778930664,0.2475976049900055,1.7482951079728082e-05,0.9452577233314514,0.2610287666320801,-2.8572059818543494e-05,0.9318183660507202,-0.016625957563519478,-0.00010393597040092573,1.1377735137939453,0.00556585006415844,-2.170442348869983e-05,1.0197207927703857,0.026265669614076614,9.421286085853353e-05,0.8819133639335632,0.031460922211408615,0.00011253614502493292,0.8731133937835693,-0.2667129337787628,-0.00012847267498727888,1.02902352809906,-0.20391559600830078,-4.0375107346335426e-05,0.9098044633865356,-0.1949847787618637,0.00014393965830095112,0.7891241908073425,-0.19128336012363434,0.0002722297504078597
rock,dnss2tOuxRmL0ZjZ.png,0.0,0.0,0.0,0.37806636095046997,0.3973693251609802,0.00016300957940984517,1.1897612810134888,0.4577842950820923,0.0003304742567706853,1.4081716537475586,0.33150458335876465,0.00042241072515025735,1.0607810020446777,0.1861461102962494,0.00013465670053847134,1.313710331916809,0.12724128365516663,0.0002445681602694094,1.1501063108444214,0.19844995439052582,0.0002597391721792519,1.0065217018127441,0.2444687932729721,0.0002662040351424366,0.9950579404830933,-0.09929625689983368,9.851359209278598e-05,1.2030329704284668,-0.07789593189954758,0.0003681835951283574,1.0787038803100586,-0.008956175297498703,0.00041852559661492705,0.9451846480369568,0.01884567178785801,0.0003698002838063985,0.8816375136375427,-0.33064794540405273,0.0001074418323696591,1.0273700952529907,-0.2559737265110016,0.0004199117247480899,0.924425482749939,-0.19404223561286926,0.000548696203622967,0.7941765785217285,-0.1728750616312027,0.0005256988224573433,0.7536837458610535,-0.517193615436554,0.00012691564916167408,0.8770127892494202,-0.4283426105976105,0.0004304117173887789,0.7772955298423767,-0.38062626123428345,0.0006600957713089883,0.665510356426239,-0.3591739237308502,0.0007855634903535247
rock,DqakRofDCq0ryI49.png,0.0,0.0,0.0,0.21853555738925934,0.4500170648097992,7.419983012368903e-05,0.8886208534240723,0.7326986193656921,0.00012753218470606953,1.1050738096237183,0.6564896106719971,0.00016046530799940228,0.9653959274291992,0.416978657245636,-4.009368421975523e-05,0.9829468727111816,0.5011338591575623,5.30592387804063e-06,0.7952567338943481,0.47429877519607544,-8.239557791966945e-05,0.6866490244865417,0.43175026774406433,-0.00017971557099372149,0.9906778335571289,0.13622550666332245,-8.047608571359888e-05,0.9653597474098206,0.2588408887386322,0.00016975447942968458,0.8137852549552917,0.2584797739982605,0.00017939385725185275,0.7075873017311096,0.22009515762329102,6.300819222815335e-05,0.9328699707984924,-0.09584188461303711,-8.054466889007017e-05,0.9236868619918823,0.02895287796854973,0.00014077650848776102,0.7932394742965698,0.04768454283475876,0.00022460757463704795,0.672889769077301,0.01651235856115818,0.00017172511434182525,0.8479319214820862,-0.2889134883880615,-7.314907998079434e-05,0.8773017525672913,-0.17124538123607635,9.124530333792791e-05,0.7615344524383545,-0.14637303352355957,0.0002658665762282908,0.6623216271400452,-0.16393740475177765,0.000364309293217957
rock,Dt2vWLtAYm3XeQpx.png,0.0,0.0,0.0,0.262101948261261,-0.4173870086669922,0.0004344714106991887,0.8377072811126709,-0.3863976299762726,0.0009731908794492483,0.9106911420822144,-0.20224913954734802,0.0012202871730551124,0.9812526106834412,-0.4306086599826813,0.0007081602234393358,1.020941972732544,-0.3793809711933136,0.001224242034368217,0.8711317181587219,-0.36936527490615845,0.001427554409019649,0.7619050741195679,-0.3623483180999756,0.0014998367987573147,0.9872350096702576,-0.15926900506019592,0.0006350075709633529,0.9646625518798828,-0.1669367104768753,0.001321237301453948,0.8188901543617249,-0.1857418715953827,0.0014332648133859038,0.7025737762451172,-0.17809846997261047,0.0013732955558225513,0.9057950377464294,0.08517899364233017,0.0006271632737480104,0.902672290802002,0.014832629822194576,0.0012134836288169026,0.7775257229804993,-0.023563342168927193,0.0012248887214809656,0.6461114287376404,-0.017918476834893227,0.0010840022005140781,0.8080434799194336,0.2867164611816406,0.0006590847624465823,0.8251292705535889,0.17705988883972168,0.0011685231002047658,0.7183945178985596,0.14422142505645752,0.0013687617611140013,0.6112138628959656,0.151118203997612,0.0014390426222234964
rock,DVPUHpNyCvJxx69v.png,0.0,0.0,0.0,0.30675938725471497,0.43055927753448486,7.746099436189979e-05,1.090277910232544,0.6545935273170471,0.00013311393558979034,1.304805874824524,0.5318067073822021,0.00017509648751001805,1.019131064414978,0.336173415184021,-1.1943407116632443e-05,1.281078577041626,0.34079909324645996,7.646224730706308e-06,1.1087274551391602,0.38003429770469666,-4.516536500887014e-05,0.9609747529029846,0.4021350145339966,-8.677627920405939e-05,0.9992135167121887,0.03965216130018234,-5.2645795221906155e-05,1.203026294708252,0.11917025595903397,0.00013884146756026894,1.0703322887420654,0.1629398912191391,0.00017809495329856873,0.936046302318573,0.1620739996433258,0.00012389254698064178,0.9221771359443665,-0.21097944676876068,-5.96963036514353e-05,1.0601481199264526,-0.0933310016989708,0.00017498790111858398,0.9558036923408508,-0.04907618463039398,0.00030971920932643116,0.8266312479972839,-0.050127651542425156,0.0003010794462170452,0.8257853388786316,-0.41673174500465393,-6.544579809997231e-05,0.9367169141769409,-0.27867987751960754,0.00016939631314016879,0.8336738348007202,-0.24190668761730194,0.0003950761165469885,0.7188862562179565,-0.24088400602340698,0.0005246596992947161
rock,dwcRLIlsRlaRevNn.png,0.0,0.0,0.0,0.11134810745716095,0.561086118221283,-0.00020854671311099082,0.9883492588996887,0.9007343053817749,-0.00015755400818306953,1.174432396888733,0.7069449424743652,-9.462654270464554e-05,0.9542538523674011,0.4734187424182892,-0.0002957482065539807,0.9794909954071045,0.6473908424377441,-0.00039293913869187236,0.7676519155502319,0.624695897102356,-0.0005998599226586521,0.6655615568161011,0.536878228187561,-0.0007892863359302282,0.9879461526870728,0.15479744970798492,-0.00024190421390812844,0.9654420018196106,0.3486582934856415,-0.00018256648036185652,0.7777782678604126,0.3702253997325897,-0.0002880567917600274,0.6821027994155884,0.2890964150428772,-0.0004488974518608302,0.9288654923439026,-0.10589820891618729,-0.00017222497262991965,0.9150621294975281,0.09046877920627594,-0.00011029768211301416,0.7706007361412048,0.13236171007156372,-9.02378887985833e-05,0.6773063540458679,0.06902479380369186,-0.00016243464779108763,0.8428522944450378,-0.31598615646362305,-0.00011427841673139483,0.8579469919204712,-0.12461958080530167,-7.237878162413836e-05,0.7274101376533508,-0.08605337888002396,5.379335198085755e-05,0.6349992752075195,-0.12777459621429443,0.00012225947284605354
rock,dxfucopsE3UFuH28.png,0.0,0.0,0.0,0.17131651937961578,0.42938750982284546,-0.00019591198361013085,0.8154599666595459,0.6435457468032837,-0.00031344752642326057,0.904183030128479,0.43305090069770813,-0.00033200415782630444,0.9825904965400696,0.38170886039733887,-0.0002844894479494542,0.9833067655563354,0.4386786222457886,-0.0004797336005140096,0.7934934496879578,0.43167850375175476,-0.0007075096946209669,0.6493579149246216,0.3990299701690674,-0.0008630238007754087,0.9961479902267456,0.08768726885318756,-0.00027450572815723717,0.93961101770401,0.18158020079135895,-0.00028052201378159225,0.7686370015144348,0.20633651316165924,-0.0003687563876155764,0.6325065493583679,0.18000102043151855,-0.00048111972864717245,0.9143574237823486,-0.17299777269363403,-0.00026205606991425157,0.8604122996330261,-0.0675598531961441,-0.0002840773668140173,0.7183999419212341,-0.017628295347094536,-0.00027255844906903803,0.5839653015136719,-0.025837445631623268,-0.0003017993294633925,0.7935534119606018,-0.3931351900100708,-0.0002652046096045524,0.7555951476097107,-0.27743256092071533,-0.0002897033409681171,0.6204010844230652,-0.2240920066833496,-0.00018668337725102901,0.5098186731338501,-0.22767695784568787,-9.473290265304968e-05
rock,DXlFk9LGWpbBewq2.png,0.0,0.0,0.0,0.13327725231647491,0.4936339855194092,4.37729868281167e-05,0.8097136616706848,0.8459072709083557,6.715077324770391e-05,0.9878954291343689,0.6989213824272156,6.751820910722017e-05,0.8906016945838928,0.5917935371398926,-0.00013987177226226777,0.9724806547164917,0.5903875827789307,-0.00014634123363066465,0.7771461009979248,0.5452368259429932,-0.00026319012977182865,0.6377986669540405,0.519055187702179,-0.0003773547359742224,0.9577105641365051,0.287733256816864,-0.00021094497060403228,0.9440946578979492,0.31694909930229187,1.1811083822976798e-05,0.776190996170044,0.3078065514564514,2.602630775072612e-05,0.6461036801338196,0.2791643440723419,-8.418252400588244e-05,0.9302687048912048,0.011040127836167812,-0.00024489895440638065,0.8911417722702026,0.059489209204912186,-5.5308439186774194e-05,0.7474144101142883,0.0740366280078888,9.139273970504291e-06,0.6151363253593445,0.052564240992069244,-5.707879608962685e-05,0.8694263100624084,-0.22650429606437683,-0.00027709969435818493,0.8607752919197083,-0.15821443498134613,-0.00014148070476949215,0.730197012424469,-0.14557306468486786,2.0960855181328952e-05,0.6186689734458923,-0.16109144687652588,0.00010715876123867929
rock,dZ6rscIYTbmlwVZE.png,0.0,0.0,0.0,0.2149561047554016,-0.36182621121406555,-1.0465757441124879e-05,0.8438128232955933,-0.5379206538200378,-0.00022877829906065017,0.9813063740730286,-0.379957914352417,-0.0002821229863911867,0.983133852481842,-0.4353022575378418,-0.0003334873472340405,1.1914150714874268,-0.35690805315971375,-0.00040976484888233244,1.0441933870315552,-0.3075581192970276,-0.0003970980760641396,0.887614369392395,-0.32236936688423157,-0.0003809355548582971,0.9931489825248718,-0.11685359477996826,-0.0004387819208204746,1.1691190004348755,-0.08907143026590347,-0.0003799673868343234,1.0285078287124634,-0.07338189333677292,-0.0003038512950297445,0.8630838990211487,-0.08389639109373093,-0.0002742318611126393,0.9322742819786072,0.17932038009166718,-0.0005140401772223413,1.0536251068115234,0.16678296029567719,-0.00044395221630111337,0.9366661310195923,0.16268989443778992,-0.0003059026785194874,0.7808537483215332,0.14300201833248138,-0.0002503407304175198,0.8250149488449097,0.4300403296947479,-0.0005899507086724043,0.8941251635551453,0.37988486886024475,-0.0005118054687045515,0.7913346290588379,0.3514285385608673,-0.00032446320983581245,0.6712058782577515,0.33740362524986267,-0.000171166131622158
rock,E4kPnJ376NIwG4Mh.png,0.0,0.0,0.0,0.16252613067626953,-0.5066407322883606,-0.00012532663822639734,1.0146758556365967,-0.9197055101394653,-0.00020037883950863034,1.2654467821121216,-0.7668074369430542,-0.00011808856652351096,0.908194363117218,-0.6072085499763489,-0.0002440515672788024,1.214537501335144,-0.5652754306793213,-0.00016159829101525247,1.0480246543884277,-0.5679556727409363,-5.228997906669974e-06,0.8985283970832825,-0.5643422603607178,7.077925693010911e-05,0.9682018160820007,-0.2501705288887024,-0.00024339985975529999,1.2482483386993408,-0.295701265335083,-0.00012625058297999203,1.10723078250885,-0.30601248145103455,4.826240910915658e-06,0.9499075412750244,-0.2775742709636688,5.53338359168265e-05,0.9886413812637329,0.07104406505823135,-0.00021647971880156547,1.222327709197998,-0.013032509945333004,-0.00016050974954850972,1.1047922372817993,-0.02282019704580307,3.1624746043235064e-05,0.9540274143218994,0.00016023116768337786,0.00012814078945666552,0.970915675163269,0.3568253517150879,-0.0001850562694016844,1.1966273784637451,0.23519077897071838,-0.0001219162077177316,1.089724063873291,0.23030869662761688,0.00010544720134930685,0.9613065123558044,0.27170661091804504,0.0002755207824520767
rock,E5mlbTDFPHA7QX9U.png,0.0,0.0,0.0,-0.0002598855644464493,-0.5550263524055481,-0.0002829608565662056,0.5473311543464661,-1.0557831525802612,-0.0005725707160308957,0.728815495967865,-0.9370654821395874,-0.000628634647000581,0.8851227164268494,-0.6301939487457275,-0.00044849724508821964,0.9284756183624268,-0.8724254965782166,-0.0004219537368044257,0.7370514869689941,-0.846231997013092,-0.00036414791247807443,0.6286274790763855,-0.7380869388580322,-0.00036141343298368156,0.954617440700531,-0.29783472418785095,-0.00039738602936267853,1.0006660223007202,-0.5779120922088623,-0.00037154339952394366,0.8211694359779358,-0.6025543212890625,-0.00033126509515568614,0.6949241161346436,-0.4948689937591553,-0.0003415307146497071,0.9337661862373352,-0.0121344905346632,-0.00032086644205264747,1.0182539224624634,-0.29232847690582275,-0.00041104736737906933,0.8588314652442932,-0.3372439742088318,-0.0003104844654444605,0.7284795045852661,-0.24299204349517822,-0.0002517559041734785,0.8654963970184326,0.22040900588035583,-0.00024801649851724505,0.9777621626853943,-0.029381725937128067,-0.0003545843646861613,0.8477168679237366,-0.0809369832277298,-0.00020880195370409638,0.7325680255889893,-0.005486539099365473,-6.441793084377423e-05
rock,e6cXS0w2KOKKEYZU.png,0.0,0.0,0.0,0.29150858521461487,0.39571088552474976,0.00015257329505402595,1.0485328435897827,0.6449354887008667,0.00024332484463229775,1.2934991121292114,0.5841070413589478,0.0002925428852904588,1.0111284255981445,0.36029043793678284,8.613967656856403e-05,1.2490873336791992,0.3469071090221405,0.00018442131113260984,1.0913703441619873,0.3610994219779968,0.00020529284665826708,0.9545719027519226,0.37184351682662964,0.00021158692834433168,0.9972668886184692,0.07388380169868469,1.3876411685487255e-05,1.1779940128326416,0.11287893354892731,0.00026511712349019945,1.0475691556930542,0.14956563711166382,0.0003283551777713001,0.912521481513977,0.16064238548278809,0.00029260964947752655,0.9199603199958801,-0.18361450731754303,-1.7812075384426862e-05,1.0374021530151367,-0.10824611037969589,0.00026228948263451457,0.9240533709526062,-0.0621892549097538,0.0003907419741153717,0.7946256995201111,-0.05587165430188179,0.00037651730235666037,0.8158531188964844,-0.3994317650794983,-4.0157116018235683e-05,0.9202576279640198,-0.3053632974624634,0.00021030966308899224,0.8141276836395264,-0.2750166058540344,0.00042666291119530797,0.7083432674407959,-0.26852861046791077,0.0005535825621336699
rock,eb93o1ZDeBlrdfyc.png,0.0,0.0,0.0,0.40919068455696106,0.3542691171169281,-4.956136763212271e-05,1.301422119140625,0.36407309770584106,-0.00010837687295861542,1.553496241569519,0.19978192448616028,-9.164930816041306e-05,1.0841342210769653,0.06466230005025864,-0.0001497977355029434,1.4271032810211182,-0.019696980714797974,-0.0002268299285788089,1.2747447490692139,0.08537962287664413,-0.0002902339037973434,1.1116009950637817,0.14602287113666534,-0.00030385018908418715,0.9723337888717651,-0.23359589278697968,-0.00014791407738812268,1.2788197994232178,-0.21927833557128906,-7.35124631319195e-05,1.160805344581604,-0.11675401777029037,-6.694529292872176e-05,1.01581871509552,-0.07488006353378296,-0.00011231577809667215,0.8326447010040283,-0.4776498079299927,-0.0001273798698093742,1.0970739126205444,-0.4009384214878082,1.0001642294810154e-05,1.003018856048584,-0.314298540353775,0.00015794522187206894,0.8634406328201294,-0.2834426164627075,0.0001850218395702541,0.6931920051574707,-0.6676790714263916,-0.00011132306099170819,0.9336355328559875,-0.5693187117576599,4.085665204911493e-05,0.8439599275588989,-0.4921407103538513,0.0002663106715772301,0.730891227722168,-0.4579302966594696,0.00041734264232218266
rock,EcChvTuoNsCzjFUQ.png,0.0,0.0,0.0,0.2881082594394684,0.48142024874687195,1.857321331044659e-05,1.0905277729034424,0.7369235754013062,-2.0807658074772917e-05,1.3559114933013916,0.6730266213417053,-2.8789958378183655e-05,1.0060772895812988,0.4203183352947235,-0.00013032746210228652,1.3333346843719482,0.41771334409713745,-0.0002737684699241072,1.1555014848709106,0.45073333382606506,-0.0004033675941172987,0.9742792844772339,0.4618927836418152,-0.00046266219578683376,0.994200587272644,0.10754122585058212,-0.00019138847710564733,1.2495349645614624,0.16593199968338013,-0.00011688088852679357,1.108564853668213,0.21288476884365082,-9.11804600036703e-05,0.9598621129989624,0.2190915048122406,-0.00014398168423213065,0.9272006750106812,-0.17144963145256042,-0.0002403196122031659,1.1095919609069824,-0.0697081983089447,-0.0001362306938972324,0.9965829849243164,-0.026450265198946,2.2490352421300486e-05,0.8623308539390564,-0.028258996084332466,5.51066841580905e-05,0.8321137428283691,-0.40641987323760986,-0.0002895417273975909,1.0028507709503174,-0.27987924218177795,-0.00016076737665571272,0.8936610221862793,-0.23874390125274658,8.203253673855215e-05,0.7743023037910461,-0.24161167442798615,0.00024119917361531407
rock,EfKcpzUsdKq9J3VN.png,0.0,0.0,0.0,0.24526260793209076,0.4575737714767456,7.381664181593806e-05,1.0549399852752686,0.7428996562957764,0.0001344102929579094,1.332527756690979,0.6919365525245667,0.00017860128718893975,0.9863517880439758,0.47842681407928467,-1.5991983673302457e-05,1.3426593542099,0.43395936489105225,-4.5086377213010564e-05,1.1870167255401611,0.44305646419525146,-0.0001044573073158972,1.0133250951766968,0.4621826708316803,-0.0001278794079553336,0.9844488501548767,0.17567120492458344,-6.37363045825623e-05,1.2596173286437988,0.18100526928901672,0.00010452885908307508,1.1265580654144287,0.21161988377571106,0.0001632433559279889,0.9805309176445007,0.2241017371416092,0.00012492174573708326,0.9289891719818115,-0.09925387054681778,-8.828395220916718e-05,1.1386805772781372,-0.05262906104326248,8.701629849383608e-05,1.0230848789215088,-0.013042782433331013,0.00024093528918456286,0.8849380612373352,-0.007699731271713972,0.000258915446465835,0.8481539487838745,-0.33692508935928345,-0.00010682521678972989,1.0251728296279907,-0.25896161794662476,5.289588443702087e-05,0.9088789224624634,-0.22906462848186493,0.0002807389246299863,0.7860127091407776,-0.22778809070587158,0.00042805526754818857
rock,eGm3dLnWBxRrjlJX.png,0.0,0.0,0.0,0.3581276834011078,0.4193156361579895,7.291119254659861e-05,1.178275227546692,0.5116703510284424,0.00018824815924745053,1.405150294303894,0.3847510516643524,0.00025836643180809915,1.0631381273269653,0.20815521478652954,8.970321505330503e-05,1.3261406421661377,0.1987142413854599,8.438372606178746e-05,1.1578137874603271,0.2734301686286926,-3.043076048925286e-06,1.005772590637207,0.3067045211791992,-6.318775558611378e-05,0.9967997074127197,-0.07993968576192856,5.2749670430785045e-05,1.210492730140686,-0.020548062399029732,0.00023705764033365995,1.0812101364135742,0.05781468749046326,0.00024536449927836657,0.9447665810585022,0.07696211338043213,0.00017653025861363858,0.8796380162239075,-0.3137039244174957,3.5794346331385896e-05,1.025112509727478,-0.20680461823940277,0.0002519436529837549,0.9271578788757324,-0.1412234753370285,0.00035935023333877325,0.7975789904594421,-0.1301608681678772,0.0003416264953557402,0.7503668665885925,-0.4991525411605835,1.7923739505931735e-05,0.8743056654930115,-0.38301149010658264,0.00023055811470840126,0.7879601120948792,-0.32341691851615906,0.00042965231114067137,0.6788003444671631,-0.3027670383453369,0.0005504314322024584
rock,eHSa1nP8bmRToqyG.png,0.0,0.0,0.0,0.15352967381477356,0.5263068079948425,3.4159580536652356e-05,0.852237343788147,0.815342903137207,-0.00021123452461324632,1.0901844501495361,0.7043138146400452,-0.00030358569347299635,0.8287407159805298,0.7209545969963074,-0.0006433225353248417,1.3527334928512573,0.8733753561973572,-0.0009648224804550409,1.19515061378479,0.8395118117332458,-0.0010560991941019893,0.9800946712493896,0.7718194127082825,-0.0010241027921438217,0.9302782416343689,0.36685389280319214,-0.0007462032954208553,1.4089261293411255,0.5479040741920471,-0.0008294830331578851,1.2354142665863037,0.5457792282104492,-0.0006818468100391328,1.0383211374282837,0.4917641580104828,-0.0005892569315619767,0.9715300798416138,0.04061463102698326,-0.0008116074022836983,1.3756189346313477,0.2458002269268036,-0.0007684858865104616,1.206284761428833,0.25885555148124695,-0.00045209427480585873,1.0248910188674927,0.20940279960632324,-0.00028698009555228055,0.9569851160049438,-0.2336103767156601,-0.0008639476145617664,1.2553057670593262,-0.0388532429933548,-0.0007474888116121292,1.1173696517944336,-0.009553834795951843,-0.0003982835914939642,0.9803518652915955,-0.0465288944542408,-0.00015302276005968451
rock,eJ5fbY23rZWUULxO.png,0.0,0.0,0.0,0.30595630407333374,0.4461297392845154,3.5624685551738366e-05,1.263258695602417,0.7154392004013062,-9.042471447173739e-07,1.450429081916809,0.4791967570781708,-8.905270988179836e-06,1.015960454940796,0.4569252133369446,-0.0004104019026271999,1.3764090538024902,0.27320873737335205,-0.0005235843127593398,1.2127621173858643,0.2835359275341034,-0.0006043530884198844,1.0567960739135742,0.3577185869216919,-0.0006549755344167352,0.9916618466377258,0.12886640429496765,-0.0004684368905145675,1.2992112636566162,0.01757577247917652,-0.0003925741766579449,1.1567336320877075,0.04498547315597534,-0.00027523745666258037,1.0158922672271729,0.10666067153215408,-0.0002763578377198428,0.9337995648384094,-0.16736537218093872,-0.00048100814456120133,1.1916080713272095,-0.20938526093959808,-0.00034690540633164346,1.0673452615737915,-0.17788589000701904,-0.00010632322664605454,0.9282618165016174,-0.13212254643440247,-4.272103251423687e-05,0.8611213564872742,-0.4240788221359253,-0.000491569226142019,1.0351080894470215,-0.3940682113170624,-0.00032762388582341373,0.9158582091331482,-0.3683331608772278,-6.166822277009487e-05,0.8029167056083679,-0.34396791458129883,9.577568562235683e-05
rock,EnikAJKQGkMfX5ax.png,0.0,0.0,0.0,0.10889501869678497,0.5119081735610962,4.747348793898709e-05,0.8326351046562195,0.9497182369232178,0.00012947693176101893,1.0453113317489624,0.8213686943054199,0.0001592060725670308,0.8626362681388855,0.6426951885223389,-8.695036376593634e-05,0.9478440284729004,0.6229908466339111,-7.090225699357688e-05,0.768031656742096,0.569236695766449,-0.00019343060557730496,0.6416711211204529,0.5413638353347778,-0.00031252182088792324,0.9404682517051697,0.33988162875175476,-0.0001295915135415271,0.9440926313400269,0.35168835520744324,0.00011439503578003496,0.7894037365913391,0.3375298082828522,0.00011229654046474025,0.6677770614624023,0.3098377585411072,-1.3259656952868681e-05,0.9353429079055786,0.067048579454422,-0.00013237837993074208,0.9094257354736328,0.10148189961910248,8.324638474732637e-05,0.7759069800376892,0.10999417304992676,0.00013925539678893983,0.6463128924369812,0.0893961489200592,6.256426422623917e-05,0.9013121724128723,-0.16738559305667877,-0.00013164790289010853,0.8922167420387268,-0.10723932087421417,3.7633446481777355e-05,0.7633697390556335,-0.1074056625366211,0.00020039807714056224,0.6517833471298218,-0.12654055655002594,0.0002840996312443167
rock,EPFt6X0fS9c97Y5y.png,0.0,0.0,0.0,0.22613346576690674,0.4706204831600189,7.988508878042921e-05,1.0130239725112915,0.7512425184249878,0.00020275911083444953,1.258533000946045,0.7004506587982178,0.0002823997347149998,0.9720924496650696,0.45034077763557434,7.187309529399499e-05,1.2214772701263428,0.48197412490844727,0.00018911907682195306,1.0537101030349731,0.49354860186576843,0.00022284920851234347,0.9136934876441956,0.48238110542297363,0.00023145342129282653,0.9881172776222229,0.15370190143585205,5.481194966705516e-05,1.1678547859191895,0.23778250813484192,0.0003374118241481483,1.0330818891525269,0.27273109555244446,0.00040430627996101975,0.9083926677703857,0.2627304494380951,0.00034895254066213965,0.9370726346969604,-0.10191909968852997,7.259577978402376e-05,1.0750316381454468,0.006540884729474783,0.0003516763972584158,0.9637317061424255,0.04523647204041481,0.00046807865146547556,0.8407241702079773,0.025469869375228882,0.0004343918990343809,0.8596513271331787,-0.3173234164714813,9.781570406630635e-05,0.9883971214294434,-0.20090129971504211,0.00033246810198761523,0.8833253979682922,-0.174143984913826,0.0005363731179386377,0.7773823738098145,-0.18385563790798187,0.0006452251109294593
rock,esqqaIq6wKOr8EK6.png,0.0,0.0,0.0,0.07656140625476837,-0.4858289957046509,4.6898330765543506e-05,0.7872956395149231,-0.9393556118011475,0.00014257496513891965,1.0254067182540894,-0.8883682489395142,0.00025173803442157805,0.8470227718353271,-0.7096630930900574,4.509354766923934e-05,1.1129789352416992,-0.6935932636260986,0.00016363081522285938,0.9448801875114441,-0.6554214954376221,0.00023646882618777454,0.8022364974021912,-0.6444838047027588,0.00026018088101409376,0.9169032573699951,-0.39910945296287537,6.57595410302747e-06,1.0977462530136108,-0.46298158168792725,0.00029488676227629185,0.9562240839004517,-0.4579724371433258,0.0004411246336530894,0.8156985640525818,-0.4283621609210968,0.00046694304910488427,0.9116276502609253,-0.11343129724264145,-9.047234925674275e-06,0.9881286025047302,-0.2176453024148941,0.0002486059383954853,0.8566823601722717,-0.225434347987175,0.0004334289696998894,0.718403160572052,-0.19727392494678497,0.00046797443064861,0.8712420463562012,0.13968004286289215,-2.2092057406553067e-05,0.9101912379264832,0.01950659602880478,0.0002338847698410973,0.7865682244300842,0.0030914978124201298,0.00048001628601923585,0.6820860505104065,0.034639183431863785,0.0006190133863128722
rock,eTo9zgxdhJJAvrfM.png,0.0,0.0,0.0,0.17298248410224915,0.49532079696655273,7.721253496129066e-05,0.8994273543357849,0.8514208793640137,0.0001923037343658507,1.0986497402191162,0.7350221276283264,0.0002583980967756361,0.9509907364845276,0.501795768737793,4.464013545657508e-05,1.1060855388641357,0.5733927488327026,0.00010376059071859345,0.9290852546691895,0.5800607800483704,3.4382879675831646e-05,0.7902130484580994,0.5623418092727661,-4.104548133909702e-05,0.9773257374763489,0.21174129843711853,1.2751015674439259e-05,1.0546507835388184,0.3334938585758209,0.00026148592587560415,0.9106433391571045,0.35713332891464233,0.00026195080135948956,0.7871238589286804,0.32506996393203735,0.00016089582641143352,0.9270082712173462,-0.03687972202897072,1.785770473361481e-05,0.9683108925819397,0.10314466059207916,0.00026982298004440963,0.8571090698242188,0.1405573934316635,0.0003425187023822218,0.7367870807647705,0.1143152043223381,0.00028344770544208586,0.8495455980300903,-0.24229441583156586,2.6622908990248106e-05,0.886221170425415,-0.10061173141002655,0.00024266933905892074,0.7871230244636536,-0.07348621636629105,0.00041173931094817817,0.6840697526931763,-0.09178360551595688,0.0004999577067792416
rock,EvCwicQf5dVFto6x.png,0.0,0.0,0.0,0.21469198167324066,0.4299846291542053,0.00014793039008509368,0.8291898369789124,0.5075057148933411,0.00029184261802583933,0.9594160318374634,0.38770541548728943,0.0003728923329617828,0.9652100205421448,0.4206019341945648,8.498079114360735e-05,1.1810953617095947,0.4975357949733734,0.00019149185391142964,1.0238767862319946,0.5106872916221619,0.0002247593511128798,0.8858740329742432,0.4905043840408325,0.00023456905910279602,0.9915958642959595,0.1293744295835495,2.23269216803601e-05,1.1469054222106934,0.25800997018814087,0.00030985212652012706,1.0073155164718628,0.2994089126586914,0.0004081160295754671,0.8715642690658569,0.2791939675807953,0.00040124135557562113,0.9268232583999634,-0.12071587890386581,-3.4134607176383724e-06,1.0284537076950073,0.019681129604578018,0.00026507055736146867,0.9026301503181458,0.07670807093381882,0.0003787490422837436,0.7663625478744507,0.05957355722784996,0.0003675278276205063,0.8173579573631287,-0.32581570744514465,-1.616759800526779e-05,0.9109569787979126,-0.18916596472263336,0.00018903279851656407,0.7993398904800415,-0.12692368030548096,0.0003810307534877211,0.6859022378921509,-0.12757833302021027,0.0005032153567299247
rock,EvmNpXcSU8y41PXX.png,0.0,0.0,0.0,0.284807026386261,0.38917821645736694,0.00016109262651298195,1.1013256311416626,0.671185314655304,0.0001670670899329707,1.3964892625808716,0.7089863419532776,0.00018578569870442152,0.9313136339187622,0.6313270330429077,-0.0002757602196652442,1.3584938049316406,0.4343055486679077,-0.0002883079869206995,1.2112289667129517,0.3611764907836914,-0.00017480288806837052,1.0462919473648071,0.3835510313510895,-8.1610880442895e-05,0.9401227831840515,0.3408356308937073,-0.0003892342501785606,1.299283504486084,0.15755590796470642,-0.0003425308968871832,1.1501047611236572,0.10766710340976715,-0.00017342338105663657,0.9907174110412598,0.1439632624387741,-0.00011148155317641795,0.9211639761924744,0.03805416822433472,-0.0004482942458707839,1.1822154521942139,-0.09069495648145676,-0.0003517983132041991,1.0337475538253784,-0.10334233939647675,-8.82066015037708e-05,0.8858734369277954,-0.05741649866104126,7.679453119635582e-06,0.877741277217865,-0.2537499666213989,-0.000486659788293764,1.0670090913772583,-0.2844582200050354,-0.0004005539231002331,0.9168373942375183,-0.297302782535553,-0.0001648890320211649,0.7940523028373718,-0.26369407773017883,-2.0316135760367615e-06
rock,EvpZ7BPu3bibrvM2.png,0.0,0.0,0.0,0.31816527247428894,0.3712191879749298,7.769400690449402e-05,1.0949552059173584,0.5073606371879578,0.0001481791550759226,1.3344801664352417,0.4190092384815216,0.000203439878532663,1.0368989706039429,0.2522836923599243,-1.937696106324438e-05,1.2737828493118286,0.2336173802614212,1.0710718015616294e-05,1.111293911933899,0.2757878005504608,-2.202956602559425e-05,0.9621121883392334,0.29458263516426086,-4.459676347323693e-05,0.9996947646141052,-0.02470415085554123,-6.129356188466772e-05,1.1773582696914673,0.014781405217945576,0.00014493385970126837,1.052822232246399,0.06707371771335602,0.00017504493007436395,0.9177703857421875,0.08026829361915588,0.00012540575698949397,0.9021688103675842,-0.2593618333339691,-6.782686978112906e-05,1.0090718269348145,-0.1818327158689499,0.00016824564954731613,0.9084653258323669,-0.12674376368522644,0.000283797737210989,0.7834501266479492,-0.11491888016462326,0.00027268085977993906,0.7842941880226135,-0.4534161388874054,-7.293327507795766e-05,0.871494472026825,-0.3572612404823303,0.00014091914636082947,0.7745211720466614,-0.3078930974006653,0.0003350094484630972,0.67136150598526,-0.2931690514087677,0.00045793113531544805
rock,evxvBwQgL8Kvv67C.png,0.0,0.0,0.0,0.14178234338760376,0.48224154114723206,6.148717511678115e-05,0.8533105850219727,0.8268903493881226,0.00012932764366269112,1.1276239156723022,0.871776819229126,0.00017161677533295006,0.8906369209289551,0.6260045766830444,6.7044566094409674e-06,1.1728112697601318,0.5883936882019043,-7.095468390616588e-06,1.0284992456436157,0.563493549823761,-2.2117081243777648e-05,0.8560940027236938,0.5516124367713928,-1.162664921139367e-05,0.9422198534011841,0.3349951207637787,-4.100187652511522e-05,1.1412255764007568,0.34522032737731934,0.00011145129974465817,1.003945231437683,0.34199586510658264,0.0001616780791664496,0.852936327457428,0.33716368675231934,0.00014147083857096732,0.9252917766571045,0.05699051916599274,-6.840014975750819e-05,1.0373729467391968,0.10898683965206146,8.587027696194127e-05,0.9134982228279114,0.11801350861787796,0.00020058010704815388,0.7772350311279297,0.11155261844396591,0.00020907394355162978,0.864870011806488,-0.1937107890844345,-9.05427077668719e-05,0.927436113357544,-0.1192341074347496,4.8086374590639025e-05,0.8000779747962952,-0.11203113198280334,0.00021571469551417977,0.6863257884979248,-0.11626795679330826,0.0003349131438881159
rock,EwKdZirU6MwYRV13.png,0.0,0.0,0.0,0.1717928647994995,-0.48914098739624023,-0.0001561226963531226,0.8663711547851562,-0.8205201625823975,-0.00016808664076961577,1.1041988134384155,-0.7391398549079895,-9.488179784966633e-05,0.9694673418998718,-0.4459182322025299,5.970134589006193e-05,0.9800485372543335,-0.5810657739639282,0.00019572432211134583,0.8022817969322205,-0.5809059143066406,0.00024433896760456264,0.6784701943397522,-0.5216542482376099,0.0002308686962351203,0.988980770111084,-0.14804424345493317,0.00011235409328946844,0.9651180505752563,-0.32782116532325745,0.0002750105632003397,0.8082910776138306,-0.35074692964553833,0.00023904343834146857,0.6688576340675354,-0.3003409504890442,0.0001548679283587262,0.9300345182418823,0.10765168070793152,0.00018115495913662016,0.9121689796447754,-0.06380372494459152,0.00021544772607740015,0.7757635116577148,-0.09561783075332642,0.0002432837791275233,0.6322512030601501,-0.060149554163217545,0.00023317986051551998,0.830869197845459,0.3426726758480072,0.00024944942560978234,0.8317941427230835,0.1738230437040329,0.0002574048121459782,0.7047151923179626,0.13124649226665497,0.00037242579855956137,0.5903409123420715,0.15620870888233185,0.00048188454820774496
rock,F2MYeViv785ejIrb.png,0.0,0.0,0.0,0.293339341878891,0.5537384748458862,-8.243219781434163e-05,1.1209384202957153,0.9689781069755554,-0.00030756997875869274,1.393302321434021,0.8568201065063477,-0.0003507437650114298,0.9419739842414856,0.4750552475452423,-0.0004767367208842188,1.3505198955535889,0.6668705344200134,-0.000681970443110913,1.1255570650100708,0.7045652866363525,-0.0007817412260919809,0.9308688640594482,0.6540318727493286,-0.0007975036860443652,0.9907856583595276,0.1354382336139679,-0.0004718165728263557,1.3228391408920288,0.4068804979324341,-0.0004318389983382076,1.1552190780639648,0.4653845429420471,-0.00035876574111171067,1.0010586977005005,0.41143202781677246,-0.0003813339280895889,0.9804934859275818,-0.14106982946395874,-0.00043903771438635886,1.2410887479782104,0.1526218056678772,-0.0002929835463874042,1.1098992824554443,0.19864308834075928,-3.70017733075656e-05,0.9641582369804382,0.14602205157279968,3.8776157452957705e-05,0.9485418796539307,-0.3580430746078491,-0.00041510615847073495,1.1610203981399536,-0.07811586558818817,-0.00023086027067620307,1.041550636291504,-0.029197724536061287,7.188392919488251e-05,0.913446843624115,-0.06959079951047897,0.00025527874822728336
rock,f2pYnAURozqBDJDy.png,0.0,0.0,0.0,0.235837921500206,0.7311269640922546,-0.00026913697365671396,1.5429531335830688,1.322064757347107,-0.0006920052110217512,1.877417802810669,1.0390537977218628,-0.0007979912916198373,0.8834893703460693,0.8046924471855164,-0.0014844349352642894,1.661461591720581,0.896480143070221,-0.0020317959133535624,1.427711009979248,0.9162105917930603,-0.0022187938448041677,1.158436894416809,0.8835968971252441,-0.00224025035277009,0.953184187412262,0.302386611700058,-0.0015056838747113943,1.6891214847564697,0.5150231719017029,-0.0018025971949100494,1.4788213968276978,0.5576156973838806,-0.001673887250944972,1.2290021181106567,0.5089870691299438,-0.0016186470165848732,1.0284242630004883,-0.11329524219036102,-0.0014670751988887787,1.5834851264953613,0.1611654907464981,-0.0015640807105228305,1.3968724012374878,0.20150122046470642,-0.001176825724542141,1.1872494220733643,0.16818617284297943,-0.0009849995840340853,1.1019703149795532,-0.4360704720020294,-0.0014418570790439844,1.5236494541168213,-0.09206626564264297,-0.0013699845876544714,1.3675544261932373,-0.08142191171646118,-0.0009747430449351668,1.1993916034698486,-0.15965384244918823,-0.0007479105843231082
rock,f48wzqwquNrvjICP.png,0.0,0.0,0.0,0.33892562985420227,0.38862520456314087,8.661560423206538e-05,1.1792234182357788,0.550909161567688,1.6549283827771433e-05,1.4935622215270996,0.5321786999702454,-2.8755039238603786e-06,1.0302363634109497,0.33233147859573364,-0.00019610906019806862,1.4547667503356934,0.2690715491771698,-0.0004043017979711294,1.2900301218032837,0.33387550711631775,-0.0005399781512096524,1.080924391746521,0.37369775772094727,-0.0005572162917815149,0.9994334578514099,0.03365563228726387,-0.0002760963106993586,1.3693921566009521,0.0358009934425354,-0.0002195926062995568,1.2220286130905151,0.09911102801561356,-0.00015454646199941635,1.052659511566162,0.11833685636520386,-0.0001594984787516296,0.9216994047164917,-0.23636630177497864,-0.00033575951238162816,1.259615182876587,-0.19803740084171295,-0.00022641560644842684,1.1404814720153809,-0.13693752884864807,3.965389623772353e-06,0.9851216673851013,-0.11506002396345139,9.654296445660293e-05,0.831822395324707,-0.46154215931892395,-0.0003854819806292653,1.1723816394805908,-0.4076705873012543,-0.00025901326444000006,1.069789171218872,-0.3470843434333801,4.704076127381995e-05,0.9282534718513489,-0.32577964663505554,0.00026399761554785073
rock,F9aco7lZecystG3Z.png,0.0,0.0,0.0,0.20851629972457886,0.46769383549690247,-1.2484809303714428e-05,0.9239155054092407,0.5611975193023682,-7.969685248099267e-05,1.1128382682800293,0.43432530760765076,-7.993463077582419e-05,0.9581957459449768,0.45363298058509827,-0.0003182749205734581,1.3306978940963745,0.5392699837684631,-0.00045153702376410365,1.1511577367782593,0.5638706088066101,-0.0005173957324586809,0.9792166948318481,0.5337377786636353,-0.000525987648870796,0.9912235736846924,0.13219599425792694,-0.00035656357067637146,1.3061760663986206,0.2746080160140991,-0.0002950337657239288,1.1331253051757812,0.3323917090892792,-0.0002043789136223495,0.9698972105979919,0.29941868782043457,-0.00017921591643244028,0.94789057970047,-0.1367451548576355,-0.0003700183006003499,1.226346731185913,0.013756182044744492,-0.00027593912091106176,1.0803660154342651,0.07710611820220947,-7.253999501699582e-05,0.9301429390907288,0.04925011470913887,1.2456350305001251e-05,0.8571059703826904,-0.3477776050567627,-0.00037509261164814234,1.106093168258667,-0.19328275322914124,-0.0002838953514583409,0.989190936088562,-0.12562675774097443,-1.3993070751894265e-05,0.8674106001853943,-0.14415785670280457,0.00018217897741124034
rock,F9QovHPXetKcOokD.png,0.0,0.0,0.0,0.2684876024723053,-0.42226409912109375,0.00013721166760660708,1.031206727027893,-0.6440494656562805,0.00032244427711702883,1.2621620893478394,-0.5648359060287476,0.0004888118128292263,1.0139355659484863,-0.35974082350730896,0.00015758305380586535,1.1833953857421875,-0.39392489194869995,0.0005353253800421953,1.0121060609817505,-0.42939576506614685,0.0008134312811307609,0.8902541995048523,-0.4148174226284027,0.0009354590438306332,0.9976120591163635,-0.06906621903181076,0.00015651664580218494,1.1340935230255127,-0.17337240278720856,0.0006164113292470574,0.999323308467865,-0.22313903272151947,0.000830415403470397,0.8675382137298584,-0.21640609204769135,0.0008614118560217321,0.9161087870597839,0.17559802532196045,0.00021148548694327474,1.008772850036621,0.043714527040719986,0.0005894751520827413,0.8957500457763672,-0.0017378800548613071,0.0007650891202501953,0.7585287690162659,-0.007820065133273602,0.0007560942904092371,0.8133038282394409,0.3821392357349396,0.0002869285235647112,0.8802902102470398,0.2502518594264984,0.0006011163932271302,0.7741949558258057,0.19368386268615723,0.0008212897810153663,0.6683158278465271,0.1878069043159485,0.0009208701667375863
rock,fa3PZHjdAUZAob3q.png,0.0,0.0,0.0,0.17638123035430908,-0.45804518461227417,0.0001450949057471007,0.9339430928230286,-0.8446192145347595,0.00016562323435209692,1.189476728439331,-0.753250777721405,0.00024331793247256428,0.9072127342224121,-0.6225605010986328,-2.4859551558620296e-05,1.168423056602478,-0.5515685081481934,0.00012000258720945567,1.0104652643203735,-0.5143889784812927,0.00027319006039761007,0.8626114130020142,-0.5139251947402954,0.00035113858757540584,0.9469752907752991,-0.32130634784698486,-0.00013341484009288251,1.1618436574935913,-0.3142363429069519,0.00016960591892711818,1.0356110334396362,-0.29734745621681213,0.0003607432881835848,0.8888114094734192,-0.2819247841835022,0.00040787129546515644,0.9377257823944092,-0.03252324461936951,-0.00019561925728339702,1.0969630479812622,-0.05687221512198448,7.374052074737847e-05,0.9915191531181335,-0.05286552384495735,0.0003074522246606648,0.8458774089813232,-0.04509294405579567,0.00036758839269168675,0.8868356943130493,0.23126021027565002,-0.00024262932129204273,1.0016485452651978,0.1747673749923706,6.3215761656465475e-06,0.891560971736908,0.17268915474414825,0.0002857961808331311,0.7789443731307983,0.1856631189584732,0.0004542738606687635
rock,FAXYcAg30rtQnofW.png,0.0,0.0,0.0,0.23593248426914215,0.48495540022850037,-1.3413108717941213e-05,1.063750147819519,0.7819084525108337,-0.00011625761544564739,1.3767201900482178,0.8408509492874146,-0.00013862215564586222,0.9461343288421631,0.595226526260376,-0.0003110972756985575,1.4040322303771973,0.5240628123283386,-0.0005002776742912829,1.2581610679626465,0.5127195119857788,-0.0005696135340258479,1.0516002178192139,0.5276011824607849,-0.0005588660133071244,0.9652917385101318,0.26117390394210815,-0.00034905190113931894,1.3491014242172241,0.24060671031475067,-0.00037810986395925283,1.1891425848007202,0.2427416890859604,-0.00031502838828600943,1.0015743970870972,0.2487703412771225,-0.0003009250503964722,0.9370474815368652,-0.046721991151571274,-0.0003662168455775827,1.25167977809906,-0.026382269337773323,-0.0003540544130373746,1.1120816469192505,-0.007998556829988956,-0.00013785007467959076,0.9413651823997498,0.0012224145466461778,-3.232080052839592e-05,0.8784812092781067,-0.31152966618537903,-0.0003762268170248717,1.1275588274002075,-0.2561248242855072,-0.0003411507932469249,0.9911062717437744,-0.2369210422039032,-9.816894453251734e-05,0.8484394550323486,-0.22691500186920166,9.342739940620959e-05
rock,FbQKEoixvDyDPu0c.png,0.0,0.0,0.0,0.2697836458683014,-0.40112540125846863,0.00015278275532182306,1.0495848655700684,-0.6846958994865417,0.00025941929197870195,1.3065389394760132,-0.5917485356330872,0.00039751932490617037,0.9932543635368347,-0.4325212836265564,4.4077438360545784e-05,1.1999356746673584,-0.38344138860702515,0.00039665575604885817,1.044530987739563,-0.3935115337371826,0.0006944868946447968,0.9165469408035278,-0.40835046768188477,0.0008414890617132187,0.9901013374328613,-0.14035412669181824,2.354750358790625e-05,1.157829999923706,-0.1577354371547699,0.0005060791154392064,1.0368303060531616,-0.18537257611751556,0.000752210384234786,0.898497462272644,-0.19362321496009827,0.0007921473006717861,0.9280847907066345,0.12282940000295639,6.783472053939477e-05,1.0613977909088135,0.06329505890607834,0.0004886691458523273,0.9660096168518066,0.02694622054696083,0.0007162926485762,0.8202440738677979,0.012961388565599918,0.0007273161318153143,0.8435222506523132,0.3613469898700714,0.00013393846165854484,0.9509666562080383,0.2727198302745819,0.0004970974405296147,0.8558335900306702,0.22739091515541077,0.0007631171611137688,0.7456623911857605,0.21589887142181396,0.0008851681486703455
rock,FF2mNwRujDxzozUQ.png,0.0,0.0,0.0,0.18948614597320557,0.4378852844238281,-0.00011802782682934776,0.8051124811172485,0.5946995615959167,-0.00028104588272981346,0.9084117412567139,0.38646629452705383,-0.0003337314701639116,0.9828130006790161,0.39022132754325867,-0.00041674997191876173,1.0404967069625854,0.4656807780265808,-0.00045516915270127356,0.8645992875099182,0.44953492283821106,-0.000539112719707191,0.7472816705703735,0.410563200712204,-0.0006341843982227147,0.9977349042892456,0.06726709753274918,-0.0004106481501366943,1.0240267515182495,0.21211029589176178,-0.0002642319304868579,0.8658207654953003,0.2264775037765503,-0.00023153754591476172,0.7366531491279602,0.1904657632112503,-0.0003108335367869586,0.919191300868988,-0.2133050560951233,-0.0003681883099488914,0.9518387913703918,-0.052087221294641495,-0.0002310381387360394,0.8101720213890076,-0.014425159431993961,-0.00012560863979160786,0.666536808013916,-0.03404231369495392,-0.00015036098193377256,0.7996923327445984,-0.4389634430408478,-0.00033049361081793904,0.8455918431282043,-0.28340569138526917,-0.00023942929692566395,0.7173032164573669,-0.23100726306438446,-7.126759737730026e-05,0.6047811508178711,-0.23390504717826843,3.0008626708877273e-05
rock,FFAcRoW2ejkNNheZ.png,0.0,0.0,0.0,0.40757474303245544,0.3319799602031708,0.00023698127188254148,1.2621523141860962,0.3436824381351471,0.00040809917845763266,1.4719569683074951,0.17846323549747467,0.0004876796156167984,1.085373878479004,0.13345842063426971,2.0614823370124213e-05,1.358371615409851,-0.007877183146774769,0.00021211744751781225,1.2141139507293701,0.06245581805706024,0.00033207074739038944,1.0695139169692993,0.12440239638090134,0.00040093003190122545,0.9907566905021667,-0.13565075397491455,-3.752332486328669e-05,1.2189209461212158,-0.21181100606918335,0.0003029545478057116,1.1023942232131958,-0.13862960040569305,0.0004394873103592545,0.9706791639328003,-0.08076722919940948,0.00042920795385725796,0.8431178331375122,-0.3738669455051422,-2.5281866328441538e-05,1.0261223316192627,-0.38188987970352173,0.00035428430419415236,0.9372948408126831,-0.3111332952976227,0.0005486106965690851,0.8054423332214355,-0.26691746711730957,0.0005386123084463179,0.6851275563240051,-0.5705296397209167,8.497128874296322e-06,0.8556197881698608,-0.5287491679191589,0.0003544231003616005,0.7636632919311523,-0.4701387584209442,0.0006348859751597047,0.6500709056854248,-0.4330868124961853,0.0007796583813615143
rock,fGaDsQT8mUTaytaT.png,0.0,0.0,0.0,0.3944169282913208,0.19862070679664612,0.0007444907096214592,0.9495618939399719,-0.16444052755832672,0.0016224649734795094,0.9794315099716187,-0.353301465511322,0.002044913824647665,1.0362422466278076,0.014257495291531086,0.0004730165237560868,1.19182550907135,-0.2555542588233948,0.0011769202537834644,1.0705091953277588,-0.27512097358703613,0.0017085066065192223,1.000938057899475,-0.25625964999198914,0.0020022348035126925,0.9684218168258667,-0.2493171989917755,0.0003482688625808805,1.2770185470581055,-0.45036816596984863,0.0009898000862449408,1.1458652019500732,-0.41558343172073364,0.0014144059969112277,1.005950689315796,-0.36761653423309326,0.0016538470517843962,0.8325842618942261,-0.4636523127555847,0.0003679910732898861,1.1338999271392822,-0.6213778257369995,0.0010492169531062245,1.0341763496398926,-0.5509697198867798,0.0013393369736149907,0.915822446346283,-0.48133817315101624,0.001393239013850689,0.6603388786315918,-0.6174050569534302,0.0004644469590857625,0.8779651522636414,-0.6559685468673706,0.001070759491994977,0.8070216774940491,-0.5692094564437866,0.0013945226091891527,0.719855546951294,-0.4928431510925293,0.0015452179359272122
rock,fjPydEfNWCvgobYu.png,0.0,0.0,0.0,0.28444916009902954,0.40941572189331055,0.00016371473611798137,1.0237457752227783,0.5317176580429077,4.222934148856439e-05,1.2084531784057617,0.3598923683166504,-3.328473394503817e-05,0.9342448711395264,0.5743169784545898,-0.00029707749490626156,1.4293546676635742,0.5161965489387512,-0.00052133749704808,1.3027935028076172,0.44734054803848267,-0.0006152973510324955,1.104617953300476,0.448503702878952,-0.0006200949428603053,0.9695815443992615,0.24476806819438934,-0.0004641176201403141,1.4437998533248901,0.2269168347120285,-0.0005342634976841509,1.2856172323226929,0.18256062269210815,-0.0004448609834071249,1.092515468597412,0.18434394896030426,-0.0003779543039854616,0.9622399210929871,-0.07221426069736481,-0.0005922621348872781,1.3811949491500854,-0.037777289748191833,-0.0005681734764948487,1.2227165699005127,-0.052881140261888504,-0.00030141990282572806,1.039944052696228,-0.047042518854141235,-0.00014762012870050967,0.9129118323326111,-0.34881705045700073,-0.0006995249423198402,1.2341532707214355,-0.27663180232048035,-0.0006148191750980914,1.1014961004257202,-0.2651359736919403,-0.00029873650055378675,0.955828070640564,-0.26331475377082825,-6.349131581373513e-05
rock,fK7m8vZQS1RUHcMr.png,0.0,0.0,0.0,0.18641917407512665,0.4624018669128418,0.00015994106070138514,0.9289470911026001,0.806591272354126,0.0003487010835669935,1.1461598873138428,0.7088791131973267,0.00043713298509828746,0.9442681074142456,0.5183454751968384,0.0001355759595753625,1.148194670677185,0.5053942203521729,0.0002875132777262479,0.9811381101608276,0.4924059510231018,0.0003019233699887991,0.8411539196968079,0.48946845531463623,0.00028364392346702516,0.9716210961341858,0.23654277622699738,8.7442655058112e-05,1.0814934968948364,0.2781573534011841,0.00041950895683839917,0.9472587704658508,0.2876174747943878,0.00047052872832864523,0.8234394788742065,0.27417534589767456,0.00039974332321435213,0.927252471446991,-0.0201227068901062,8.569092460675165e-05,0.9819813966751099,0.05583410710096359,0.0004070865106768906,0.869147002696991,0.07864732295274734,0.0004917504265904427,0.7466705441474915,0.06482242792844772,0.0004313028184697032,0.8571230173110962,-0.2416713684797287,9.591594425728545e-05,0.9008054733276367,-0.14985087513923645,0.0003728595038410276,0.7946627736091614,-0.1365286260843277,0.0005616431590169668,0.6888237595558167,-0.14775905013084412,0.0006576237501576543
rock,fl3m2aXD9qq7un0x.png,0.0,0.0,0.0,0.22908756136894226,0.45621415972709656,4.868845280725509e-05,1.0373574495315552,0.7589648962020874,0.00011921621626242995,1.298720359802246,0.6942371726036072,0.00017322812345810235,0.9729359745979309,0.4539743661880493,-3.7725210859207436e-05,1.2445231676101685,0.47479870915412903,-5.023870471632108e-05,1.0696356296539307,0.48885732889175415,-0.00011792115401476622,0.9111290574073792,0.47699758410453796,-0.0001543238031445071,0.9885011911392212,0.1512128710746765,-6.595109880436212e-05,1.2006109952926636,0.21981175243854523,0.00013470029807649553,1.0698004961013794,0.2516573667526245,0.00016789414803497493,0.9327596426010132,0.2465229481458664,0.00010699829726945609,0.9409481883049011,-0.11640031635761261,-6.936341378604993e-05,1.0883384943008423,-0.03165598586201668,0.00015995246940292418,0.9752495884895325,0.005493501201272011,0.0002791716833598912,0.8444179892539978,-0.0024210382252931595,0.00025930008268915117,0.8637677431106567,-0.3450886309146881,-7.212971831904724e-05,0.9826091527938843,-0.2431352734565735,0.00014221628953237087,0.8705463409423828,-0.21044056117534637,0.0003462945460341871,0.7603996992111206,-0.21075646579265594,0.00046256851055659354
rock,fLFzQoErbCBRR6NM.png,0.0,0.0,0.0,0.34310901165008545,-0.37316855788230896,0.00011811886361101642,0.9076094627380371,-0.3782294988632202,9.369783947477117e-05,0.9647610187530518,-0.18130341172218323,8.159529534168541e-05,1.01889967918396,-0.3183181881904602,6.835118256276473e-05,0.9892097115516663,-0.27784526348114014,0.0001741121377563104,0.8484010696411133,-0.28420785069465637,0.00015997224545571953,0.7508304715156555,-0.2957853078842163,0.00010910250421147794,0.9991170763969421,-0.042012304067611694,-2.68677049461985e-05,0.9490182995796204,-0.06714358180761337,0.0002239752939203754,0.8265234231948853,-0.09192423522472382,0.00024390978796873242,0.7099475860595703,-0.09906318038702011,0.00017692979599814862,0.903556227684021,0.19805952906608582,-8.185284241335467e-05,0.8719239234924316,0.11619634926319122,0.0001366769429296255,0.7632895708084106,0.08696530759334564,0.00019688555039465427,0.6399175524711609,0.07297114282846451,0.0001659261470194906,0.7750612497329712,0.37961345911026,-0.00013135490007698536,0.7685096859931946,0.27750933170318604,6.553703133249655e-05,0.6701047420501709,0.2396465241909027,0.00025740350247360766,0.5698308348655701,0.22209744155406952,0.00038761625182814896
rock,fMQzh7RRM5fbtBiC.png,0.0,0.0,0.0,0.2808763086795807,-0.4333498179912567,5.139721542946063e-05,1.056766152381897,-0.5772093534469604,0.00014687357179354876,1.300389289855957,-0.5067811012268066,0.0002691866538953036,1.0298383235931396,-0.26287829875946045,0.00016104726819321513,1.1944977045059204,-0.33820009231567383,0.0004186486767139286,1.0126738548278809,-0.40108320116996765,0.0005722891073673964,0.8792475461959839,-0.38423049449920654,0.0006293290643952787,0.9998571276664734,0.01690336875617504,0.00017672379908617586,1.1738440990447998,-0.1253657341003418,0.0005247837398201227,1.0557482242584229,-0.19895988702774048,0.0006659132777713239,0.9223740100860596,-0.1977691352367401,0.000668080523610115,0.9065394401550293,0.23451359570026398,0.00022602788521908224,1.0483890771865845,0.06541904807090759,0.0004911646246910095,0.948432445526123,0.002054390497505665,0.0006329366005957127,0.8137621283531189,-0.006151174660772085,0.0006314187776297331,0.7987685203552246,0.4103512465953827,0.0002883416891563684,0.9049997925758362,0.24423564970493317,0.0005099366535432637,0.8136767745018005,0.17807184159755707,0.0007054017623886466,0.7099936008453369,0.17171898484230042,0.0008078935206867754
rock,fnIIkyRgH6znwmNp.png,0.0,0.0,0.0,-0.24579699337482452,0.43379825353622437,0.0002124086458934471,0.10460735857486725,1.043251872062683,0.00034617719938978553,0.3471866548061371,1.0464825630187988,0.0003627836995292455,0.12432821094989777,1.089469075202942,0.00022894177527632564,0.3976552486419678,1.2666798830032349,0.00028659371309913695,0.3948349058628082,1.1285794973373413,0.00026743434136733413,0.30206960439682007,0.9984036684036255,0.00023733568377792835,0.41173431277275085,0.9113038778305054,8.14563682070002e-05,0.6378572583198547,1.0419787168502808,0.0003040109295397997,0.5770300626754761,0.9238681793212891,0.0003658270579762757,0.47016096115112305,0.8046555519104004,0.00032766969525255263,0.6287169456481934,0.6786494255065918,-3.952705083065666e-05,0.7621929049491882,0.7913283109664917,0.00010984739492414519,0.6660833954811096,0.7029660940170288,0.00015964343037921935,0.5688861608505249,0.610233724117279,0.00012908436474390328,0.77315753698349,0.4355403780937195,-0.0001345502387266606,0.8133175373077393,0.5552228689193726,2.317267171747517e-05,0.7263944149017334,0.47115379571914673,0.0002219142479589209,0.6483044624328613,0.38169488310813904,0.0003442607121542096
rock,FOmEbxM5mn9WC2sT.png,0.0,0.0,0.0,0.35187938809394836,0.40126100182533264,0.0006228650454431772,1.079577088356018,0.40329310297966003,0.0006604015943594277,1.2440084218978882,0.19831566512584686,0.000638768426142633,0.9336581230163574,0.6262881755828857,-0.0005157155101187527,1.5319339036941528,0.40793779492378235,-0.0004370332171674818,1.3738144636154175,0.279851496219635,-0.00013255051453597844,1.182649850845337,0.30379435420036316,9.491624223301187e-05,0.9558008909225464,0.2940136194229126,-0.0008462257101200521,1.5533111095428467,0.1331133097410202,-0.0007408464443869889,1.3774675130844116,0.03539940342307091,-0.00031718783429823816,1.181663990020752,0.0716058537364006,-6.848938937764615e-05,0.9600164294242859,-0.03139111027121544,-0.0010341893648728728,1.5246281623840332,-0.12588241696357727,-0.0008057659724727273,1.3445969820022583,-0.17402870953083038,-0.00027452464564703405,1.1481907367706299,-0.13119424879550934,-4.1295293158327695e-06,0.913766622543335,-0.3275455832481384,-0.0011516265803948045,1.3846131563186646,-0.3180055320262909,-0.0008983984007500112,1.2512352466583252,-0.32303211092948914,-0.00039711283170618117,1.0673537254333496,-0.2995198667049408,-6.177774048410356e-05
rock,FopS2RV432i19UVz.png,0.0,0.0,0.0,0.33929815888404846,0.383594274520874,0.00015438756963703781,1.1427104473114014,0.42773181200027466,0.0003150358097627759,1.4090057611465454,0.37307435274124146,0.00039732083678245544,1.0585227012634277,0.2216055542230606,3.909859151463024e-05,1.3573994636535645,0.13736653327941895,4.579571759677492e-05,1.2085143327713013,0.19734469056129456,4.0977054595714435e-05,1.0476497411727905,0.24705930054187775,5.620682713924907e-05,0.9976159334182739,-0.06901074200868607,-3.050522536796052e-05,1.2255687713623047,-0.09275353699922562,0.00013536571350414306,1.0920042991638184,-0.026005232706665993,0.00019291760690975934,0.9440853595733643,0.014890083111822605,0.00017750944243744016,0.8827959895133972,-0.31712475419044495,-6.596677849302068e-05,1.038668155670166,-0.28127187490463257,0.00013899222540203482,0.926405668258667,-0.2082732766866684,0.0002852522593457252,0.7937906980514526,-0.17236395180225372,0.0003025225887540728,0.7426952123641968,-0.521960437297821,-9.020553989103064e-05,0.8635370135307312,-0.45074376463890076,0.00010741713049355894,0.7550337314605713,-0.38648009300231934,0.00032058203942142427,0.6438440084457397,-0.35632309317588806,0.00046083569759503007
rock,foxUXc8WPRDAd6LM.png,0.0,0.0,0.0,0.18309631943702698,0.5376186966896057,-0.000124148020404391,0.9046676158905029,0.800656259059906,-0.00030349002918228507,1.080909013748169,0.6008195877075195,-0.00034006391069851816,0.915869951248169,0.5361443161964417,-0.0005147922784090042,1.2398276329040527,0.5981654524803162,-0.0006997163291089237,1.0560674667358398,0.6278881430625916,-0.0008233634289354086,0.8753303289413452,0.6355079412460327,-0.0008815742912702262,0.9841059446334839,0.1775817573070526,-0.0004955447511747479,1.1786787509918213,0.3401241600513458,-0.0004202752897981554,1.0267512798309326,0.38118046522140503,-0.00036217435263097286,0.8829196095466614,0.353482186794281,-0.00039677030872553587,0.977348804473877,-0.117854043841362,-0.00044702450395561755,1.0972520112991333,0.06833213567733765,-0.0002969141642097384,0.9660115838050842,0.11675047129392624,-0.00012861828145105392,0.8308555483818054,0.09316380321979523,-0.00010623516573105007,0.9329133033752441,-0.35026299953460693,-0.00040743002318777144,1.031854271888733,-0.15007448196411133,-0.00024084403412416577,0.909500777721405,-0.10262463241815567,-7.704430800004047e-07,0.7940903306007385,-0.1287509649991989,0.0001504858664702624
rock,FPa2M1e589cxIyfR.png,0.0,0.0,0.0,0.2755877375602722,0.5223379731178284,-5.9082933148602024e-05,1.1859867572784424,0.8869527578353882,-0.0002668042143341154,1.4273571968078613,0.7300862669944763,-0.00030127441277727485,0.9599246382713318,0.4388544261455536,-0.0006818439578637481,1.4321285486221313,0.6111104488372803,-0.0008958569378592074,1.2090988159179688,0.6562661528587341,-0.0009610412525944412,1.0090110301971436,0.6144111752510071,-0.0009482566965743899,0.9961933493614197,0.08716786652803421,-0.0007074435125105083,1.449479341506958,0.3398565649986267,-0.0007116899942047894,1.2594140768051147,0.4081973433494568,-0.0005813115858472884,1.0794602632522583,0.34048137068748474,-0.0005402670940384269,0.9846744537353516,-0.19493502378463745,-0.0006848157499916852,1.399997591972351,0.06154898181557655,-0.0005866986466571689,1.2388372421264648,0.13460072875022888,-0.0002871635660994798,1.0679271221160889,0.08131475001573563,-0.00016467261593788862,0.94862300157547,-0.40196213126182556,-0.000659039942547679,1.3151273727416992,-0.16892021894454956,-0.0005187214119359851,1.183915376663208,-0.1153886541724205,-0.00018107224605046213,1.0349253416061401,-0.16778349876403809,2.495547778380569e-05
rock,FQKAKSGEI0OuRQhh.png,0.0,0.0,0.0,0.29872462153434753,-0.49898117780685425,-3.987928266724339e-06,1.1449711322784424,-0.8766336441040039,-0.00020485275308601558,1.366544485092163,-0.680963397026062,-0.00022125804389361292,0.9970377683639526,-0.5101403594017029,-0.0002214151609223336,1.3455209732055664,-0.4545166492462158,-0.00023058817896526307,1.1480886936187744,-0.5049797892570496,-0.00017102084530051798,0.9810329675674438,-0.5160247087478638,-0.00013858974853064865,0.9875818490982056,-0.15710502862930298,-0.00028317346004769206,1.3241522312164307,-0.2091040015220642,-0.00014994331286288798,1.166825294494629,-0.2717251777648926,2.5847415599855594e-05,0.9932892918586731,-0.2486312985420227,8.842928218655288e-05,0.9504953622817993,0.1390886753797531,-0.00031691219191998243,1.2572027444839478,0.03805384412407875,-0.00019534309103619307,1.1336861848831177,-0.02441825531423092,6.544764619320631e-05,0.9614917635917664,-0.013762561604380608,0.00018615274166222662,0.8890867829322815,0.39034536480903625,-0.00034032401163131,1.156659483909607,0.2396378070116043,-0.0001732245582388714,1.0491211414337158,0.18895433843135834,0.00013561038940679282,0.9094071984291077,0.2182726413011551,0.00033842248376458883
rock,fQPCA8oYZ8ywDgyv.png,0.0,0.0,0.0,0.2512393295764923,0.4359636604785919,8.010931924218312e-05,1.0393686294555664,0.7187260389328003,0.00017005481640808284,1.262758731842041,0.6117202639579773,0.00022304097365122288,0.9973493814468384,0.41243842244148254,5.8343161072116345e-05,1.214332938194275,0.40676775574684143,0.00010106666013598442,1.0446429252624512,0.41320985555648804,4.888169496553019e-05,0.9004939198493958,0.41262829303741455,4.8803303798194975e-06,0.9930354952812195,0.11781574785709381,1.2933684956806246e-05,1.1565204858779907,0.1697753667831421,0.00023025817063171417,1.0215630531311035,0.20282906293869019,0.00024519950966350734,0.8836178183555603,0.20421797037124634,0.00017404012032784522,0.9261912703514099,-0.14036902785301208,-1.757694803927734e-06,1.0321358442306519,-0.06155988574028015,0.00022463442292064428,0.9180287718772888,-0.020544541999697685,0.00031489349203184247,0.7861323356628418,-0.0226567555218935,0.0002832086756825447,0.8347634673118591,-0.35790932178497314,-1.2331146535871085e-05,0.9281551837921143,-0.26186802983283997,0.00018944498151540756,0.8165091276168823,-0.23540203273296356,0.0003765631408896297,0.7050657272338867,-0.23354613780975342,0.0004859760229010135
rock,FqRqtazi3LD2vwsr.png,0.0,0.0,0.0,0.22272256016731262,0.4454028606414795,3.941566319554113e-05,0.9074478149414062,0.7405897974967957,0.00013318992569111288,1.093165397644043,0.6910297274589539,0.0001904056844068691,0.9882568717002869,0.43333670496940613,2.3016642444417812e-05,1.0776063203811646,0.5630461573600769,3.9480928535340354e-05,0.9054147005081177,0.5603318810462952,-6.956663128221408e-05,0.7979562282562256,0.504823625087738,-0.00018698327767197043,0.9871618151664734,0.15972347557544708,-3.199265120201744e-05,1.0290812253952026,0.324860155582428,0.00012548427912406623,0.884803056716919,0.3428858518600464,8.278873428935185e-05,0.7757403254508972,0.2855767011642456,-3.616412141127512e-05,0.9052999019622803,-0.07711491733789444,-5.899060852243565e-05,0.9496011137962341,0.0927501767873764,9.121428593061864e-05,0.8261947631835938,0.12442313879728317,0.0001655547966947779,0.7097592949867249,0.08378954231739044,0.0001291349035454914,0.8001734018325806,-0.2749224603176117,-8.681199687998742e-05,0.8569897413253784,-0.10244579613208771,2.1022136934334412e-05,0.7431756258010864,-0.06550311297178268,0.00019140086078550667,0.6377585530281067,-0.09835919737815857,0.00030109044746495783
rock,fsN97zyPFSfYwnsS.png,0.0,0.0,0.0,0.2989788353443146,0.3828307092189789,0.00018930749502032995,1.098781943321228,0.6300802826881409,0.00024060849682427943,1.391351580619812,0.679273784160614,0.0002828938013408333,0.9871013760566711,0.5324679017066956,-0.0002977376861963421,1.3026541471481323,0.34207695722579956,-6.87425781507045e-05,1.1562474966049194,0.29611271619796753,0.00021106273925397545,1.0225776433944702,0.3341563642024994,0.00038802160997875035,0.9740491509437561,0.22633618116378784,-0.00036690960405394435,1.2148627042770386,0.0987013429403305,-3.585892773116939e-05,1.0783225297927856,0.07192728668451309,0.00022652045299764723,0.9295521378517151,0.09979967772960663,0.00030603623599745333,0.9154046773910522,-0.08382309973239899,-0.00035169385955668986,1.0707783699035645,-0.14274802803993225,1.4098166502662934e-05,0.9323631525039673,-0.13990679383277893,0.000278911815257743,0.7950537800788879,-0.10773694515228271,0.0003087554359808564,0.8365668058395386,-0.37106817960739136,-0.000313124037347734,0.9528974890708923,-0.35227006673812866,-2.222689909103792e-05,0.8055137395858765,-0.35273173451423645,0.00023830159625504166,0.6955381035804749,-0.3318231999874115,0.00037434668047353625
rock,FVTXzNJQnU231QXO.png,0.0,0.0,0.0,0.23347951471805573,-0.4592217803001404,0.00018523758626542985,0.8872363567352295,-0.5561835765838623,0.00029388823895715177,1.0244345664978027,-0.412205308675766,0.00035553000634536147,0.9855690002441406,-0.44846412539482117,7.88696197560057e-05,1.2614628076553345,-0.4703887104988098,0.00020104789291508496,1.110215187072754,-0.47933441400527954,0.0002689256798475981,0.9582430720329285,-0.45844537019729614,0.000296702201012522,0.9920926094055176,-0.12550799548625946,-2.2911701307748444e-05,1.204053521156311,-0.21737676858901978,0.0002739486226346344,1.0784364938735962,-0.25837257504463196,0.00041216533281840384,0.9338213801383972,-0.23544493317604065,0.0004273183294571936,0.9274157285690308,0.141534224152565,-8.848124707583338e-05,1.1113213300704956,0.028992362320423126,0.0001456445752410218,1.0157456398010254,-0.03278062865138054,0.0002973994705826044,0.8752782940864563,-0.02959977649152279,0.00031788251362740993,0.8299652934074402,0.34592366218566895,-0.0001335577544523403,0.9868267178535461,0.2083321213722229,7.154035847634077e-05,0.897431492805481,0.1405811458826065,0.00031837710412219167,0.7733995914459229,0.14225977659225464,0.00047304059262387455
rock,FYSbYWccrDFMHVee.png,0.0,0.0,0.0,0.26604193449020386,-0.4368182122707367,0.0002684631326701492,0.9796994924545288,-0.5531734228134155,0.00044963666005060077,1.1226816177368164,-0.39503857493400574,0.0005534385563805699,0.9867783784866333,-0.44580891728401184,-2.3857197447796352e-05,1.3728899955749512,-0.4318541884422302,7.964210817590356e-05,1.2124963998794556,-0.45744454860687256,0.00021458297851495445,1.0458639860153198,-0.4565606415271759,0.0003097489825449884,0.9927870035171509,-0.11989190429449081,-0.00014653483231086284,1.3070207834243774,-0.17339295148849487,0.00014528671454172581,1.1628259420394897,-0.22575782239437103,0.00037332240026444197,0.9997212290763855,-0.22348977625370026,0.00046348239993676543,0.9365403652191162,0.15529178082942963,-0.00021757824288215488,1.1681572198867798,0.06075173243880272,7.467702380381525e-05,1.054390549659729,0.0023297539446502924,0.0003071102255489677,0.9044822454452515,-0.004176388494670391,0.0003666396369226277,0.8454696536064148,0.3674778342247009,-0.00026227490161545575,1.0137245655059814,0.2567976117134094,3.176516474923119e-05,0.908226728439331,0.19986392557621002,0.00032876935438252985,0.787359893321991,0.20791521668434143,0.00049779744585976
rock,g04l14MAwqQthuWW.png,0.0,0.0,0.0,0.3777565658092499,0.3803550899028778,6.862555892439559e-05,1.183553695678711,0.48124960064888,4.276587424101308e-05,1.4375077486038208,0.3848917782306671,4.892882861895487e-05,1.0507392883300781,0.2165476381778717,-0.00017251398821827024,1.3401063680648804,0.15968842804431915,-0.00017348812252748758,1.1732836961746216,0.22484230995178223,-0.00016390123346354812,1.0164109468460083,0.26854053139686584,-0.00014586019096896052,0.9968326687812805,-0.07952713966369629,-0.0002150021173292771,1.2204066514968872,-0.056766003370285034,-4.3716652726288885e-05,1.085795283317566,0.003956204280257225,3.923465919797309e-05,0.9493547081947327,0.032194506376981735,1.480809169152053e-05,0.8878450989723206,-0.3294038474559784,-0.00021543596812989563,1.0606706142425537,-0.26132744550704956,4.6576265049225185e-06,0.9496967792510986,-0.20373320579528809,0.0001903150841826573,0.8151988983154297,-0.17652536928653717,0.00021189969265833497,0.7569664120674133,-0.5335104465484619,-0.00020978906832169741,0.8955855369567871,-0.443917840719223,5.170413714949973e-06,0.7897027134895325,-0.38528627157211304,0.0002526982279960066,0.6779333353042603,-0.3569771349430084,0.0004029749834444374
rock,G1MuiTHGqQ6CN122.png,0.0,0.0,0.0,0.2240237593650818,0.49772149324417114,-0.00012873741798102856,1.0893263816833496,0.8161051869392395,-0.0002386437845416367,1.4064229726791382,0.7829265594482422,-0.000248678115895018,0.9709935188293457,0.51825350522995,-0.00037374868406914175,1.3854039907455444,0.4978121221065521,-0.0006451549124903977,1.20474374294281,0.5270044207572937,-0.0008197822608053684,0.9959071278572083,0.5326468348503113,-0.0008712022681720555,0.984703779220581,0.17423656582832336,-0.0003622281947173178,1.3316998481750488,0.2233666330575943,-0.00042198525625281036,1.1908403635025024,0.26819854974746704,-0.00042889395263046026,1.0249576568603516,0.2667444050312042,-0.00046491646207869053,0.9559107422828674,-0.1360916942358017,-0.00034911904367618263,1.2085349559783936,-0.03369254618883133,-0.00032346657826565206,1.0976063013076782,0.011156974360346794,-0.00016304577002301812,0.9567791223526001,0.010246079415082932,-0.00010218834358965978,0.9045705199241638,-0.392642080783844,-0.0003470623632892966,1.106978178024292,-0.24965015053749084,-0.0002635217097122222,0.9955131411552429,-0.2120179980993271,-3.8601843698415905e-05,0.874602735042572,-0.21483661234378815,0.0001235014497069642
rock,g9lqYZfHWUb3cm08.png,0.0,0.0,0.0,0.2440953403711319,0.4122106432914734,2.201723873440642e-05,1.0042991638183594,0.632395327091217,4.922144944430329e-05,1.1722317934036255,0.46436914801597595,8.077328675426543e-05,0.9978640675544739,0.37266871333122253,-0.00017101866251323372,1.1958277225494385,0.3479716181755066,-0.0001543599064461887,1.0384665727615356,0.35165977478027344,-0.00019595419871620834,0.8941686749458313,0.3639086186885834,-0.00024287936685141176,0.9974685311317444,0.07110965251922607,-0.0002064245636574924,1.101430058479309,0.11075171828269958,-4.599767635227181e-06,0.9661315679550171,0.13130858540534973,4.232745777699165e-05,0.827840268611908,0.13187217712402344,-1.4506727893603966e-05,0.9267084002494812,-0.18820251524448395,-0.0002041614061454311,0.9796165227890015,-0.11929555982351303,-2.964543170946854e-07,0.870276153087616,-0.09183195233345032,9.769936150405556e-05,0.7386704683303833,-0.08566059172153473,6.902751920279115e-05,0.8290818929672241,-0.40641075372695923,-0.00020322143973316997,0.8914881348609924,-0.32311996817588806,-3.187037873431109e-05,0.7860709428787231,-0.29778069257736206,0.00013612931070383638,0.680340051651001,-0.2891610562801361,0.00023499553208239377
rock,GA6w6DqplIPDNDeO.png,0.0,0.0,0.0,0.21327607333660126,0.4655267596244812,0.00011745398660423234,0.9132762551307678,0.7585433721542358,0.0002391448215348646,1.1528465747833252,0.6799294948577881,0.00027785974089056253,0.9348127245903015,0.470363050699234,0.00016054284060373902,0.9665765762329102,0.5074469447135925,0.0002523078001104295,0.7857227921485901,0.46265000104904175,0.00016921211499720812,0.6824515461921692,0.427417129278183,7.524649117840454e-05,0.9814148545265198,0.19189806282520294,0.00011908929445780814,0.9616225361824036,0.2553611397743225,0.00039333547465503216,0.8044016361236572,0.24074606597423553,0.0003650730650406331,0.6938086748123169,0.21109071373939514,0.00023401221551466733,0.9443578124046326,-0.05395125970244408,0.00011578002158785239,0.93181973695755,0.015751715749502182,0.00035752556868828833,0.797208309173584,0.02576804906129837,0.00039887914317660034,0.6760244965553284,0.001961540663614869,0.00032560896943323314,0.8817386031150818,-0.2736451327800751,0.000126206548884511,0.9047532677650452,-0.2013159841299057,0.00032630673376843333,0.7847645878791809,-0.18249501287937164,0.000497947447001934,0.6823320984840393,-0.1932138055562973,0.0005983695737086236
rock,gaackCmGss3Lt4tj.png,0.0,0.0,0.0,0.1045137420296669,0.4262024462223053,9.639588824938983e-05,0.7589432001113892,0.9479200839996338,0.00018121085304301232,1.018131971359253,0.9419887661933899,0.00022685577278025448,0.7535361051559448,0.7989270091056824,1.0860407201107591e-05,1.085789442062378,0.741373598575592,6.314170605037361e-06,0.963249683380127,0.6512737274169922,-3.580408156267367e-05,0.8152735829353333,0.6361279487609863,-6.8183675466571e-05,0.8464723229408264,0.5324327349662781,-5.94790508330334e-05,1.118198037147522,0.4905543029308319,6.477663555415347e-05,1.001085638999939,0.4226820170879364,0.00013277755351737142,0.8579627871513367,0.40912681818008423,0.00011758012260543182,0.9001919627189636,0.2553744316101074,-0.00010626408766256645,1.1048921346664429,0.2412514090538025,1.3341350495466031e-05,0.9885062575340271,0.20464789867401123,0.00015802157577127218,0.8497424125671387,0.19262553751468658,0.00018642049690242857,0.919338047504425,-0.012184884399175644,-0.00014456639473792166,1.0679599046707153,0.03127416968345642,-3.385521995369345e-05,0.9447320699691772,-0.008032956160604954,0.00015964999329298735,0.8257908821105957,-0.024093804880976677,0.00029516476206481457
rock,gaZKijiVXyjhSLYp.png,0.0,0.0,0.0,0.29999563097953796,0.5188162922859192,-9.536457946524024e-05,1.2781651020050049,0.9108290672302246,-0.00036625389475375414,1.636513590812683,0.879747211933136,-0.0004651171329896897,0.9940155744552612,0.6401105523109436,-0.0008162152953445911,1.5618419647216797,0.4923188090324402,-0.0011280924081802368,1.3873212337493896,0.4866947829723358,-0.0012570035178214312,1.1615166664123535,0.5357206463813782,-0.0012890066718682647,0.9737444519996643,0.2276420295238495,-0.0008814391330815852,1.5047110319137573,0.19219529628753662,-0.0010027012322098017,1.3529627323150635,0.20657756924629211,-0.0009180320776067674,1.1429071426391602,0.2278268188238144,-0.0009173577418550849,0.943473756313324,-0.1501855105161667,-0.0009019953431561589,1.3820500373840332,-0.11469442397356033,-0.0009415191598236561,1.2430189847946167,-0.09677040576934814,-0.0006326174479909241,1.0544085502624512,-0.08319423347711563,-0.000490611360874027,0.9083001613616943,-0.48761725425720215,-0.000920749909710139,1.2558465003967285,-0.3862467408180237,-0.000907079316675663,1.1100903749465942,-0.36479201912879944,-0.0005764410016126931,0.9447544813156128,-0.3640635311603546,-0.00034541901550255716
rock,gc8jqxVapG2o8ol1.png,0.0,0.0,0.0,0.2581963837146759,0.4037148654460907,0.0001885504025267437,1.0726262331008911,0.601079523563385,0.0004043236840516329,1.2631629705429077,0.44897231459617615,0.0005146645708009601,1.0151116847991943,0.365283727645874,0.00012411715579219162,1.3429378271102905,0.2835889160633087,0.00023517209046985954,1.204343557357788,0.30578118562698364,0.0002508928591851145,1.059491515159607,0.33732283115386963,0.0002522887953091413,0.9963487386703491,0.08537662029266357,6.698206561850384e-05,1.2511670589447021,0.060996297746896744,0.0003436401020735502,1.119200587272644,0.09666772186756134,0.0004301145672798157,0.9846474528312683,0.11120028048753738,0.00041054541361518204,0.923231840133667,-0.17010897397994995,5.215923738433048e-05,1.1400647163391113,-0.15317612886428833,0.000346970628015697,1.0315622091293335,-0.11181574314832687,0.000514259678311646,0.8980962634086609,-0.103854238986969,0.0005202993052080274,0.8358386158943176,-0.3907480537891388,5.028433588449843e-05,1.0494465827941895,-0.3480304479598999,0.0003131190314888954,0.9432747960090637,-0.3100995123386383,0.0005731337587349117,0.8206514716148376,-0.2970975339412689,0.0007234338554553688
rock,GgPhnXFElpasCa0C.png,0.0,0.0,0.0,0.32357826828956604,0.3848785161972046,0.0001471526629757136,1.0775868892669678,0.5124909281730652,0.0002682638878468424,1.3257797956466675,0.46923351287841797,0.00033526841434650123,1.048690915107727,0.2756618559360504,4.136216739425436e-05,1.2770118713378906,0.22039955854415894,0.00017144733283203095,1.1220895051956177,0.24882295727729797,0.00022833306866232306,0.9854496717453003,0.2738708257675171,0.00025502245989628136,1.0,0.000332854047883302,-2.504341500753071e-05,1.171938180923462,0.008554072119295597,0.00023371294082608074,1.038379430770874,0.05069028586149216,0.0002982398436870426,0.8986855149269104,0.07239033281803131,0.00026554553187452257,0.8942460417747498,-0.23805570602416992,-4.305283437133767e-05,1.0025502443313599,-0.18375682830810547,0.0002177342976210639,0.8931681513786316,-0.13923312723636627,0.0003323787823319435,0.7635496258735657,-0.11939432471990585,0.00031668966403231025,0.7721163630485535,-0.4394737780094147,-4.720228389487602e-05,0.8686679601669312,-0.3615051507949829,0.0001743788452586159,0.7600364089012146,-0.32070019841194153,0.00036899594124406576,0.6514165997505188,-0.2996729016304016,0.0004902887740172446
rock,gIuYTYdTVKnNAc5m.png,0.0,0.0,0.0,0.25322774052619934,-0.444519579410553,3.774732613237575e-05,1.1112741231918335,-0.8696771264076233,-0.00011681517207762226,1.3258980512619019,-0.6551298499107361,-0.00011098744289483875,1.0005249977111816,-0.5003354549407959,-0.0003614694287534803,1.4200180768966675,-0.3800152838230133,-0.0003896793641615659,1.2568540573120117,-0.4067472219467163,-0.0002816547348629683,1.0778836011886597,-0.4475279152393341,-0.00019908497051801533,0.9890663027763367,-0.14747105538845062,-0.00043494501733221114,1.346567153930664,-0.13567036390304565,-0.0002466430887579918,1.2125244140625,-0.17199423909187317,2.3465088816010393e-05,1.050486445426941,-0.1700424700975418,0.00013647819287143648,0.9444990158081055,0.15705101191997528,-0.00047309984802268445,1.2400298118591309,0.11531244963407516,-0.00027880360721610487,1.125919222831726,0.07745129615068436,4.47057063865941e-05,0.9720128178596497,0.06983073800802231,0.00017617248522583395,0.8697741627693176,0.4257148504257202,-0.0004993726615794003,1.1318306922912598,0.32846617698669434,-0.0002821465895976871,1.0156233310699463,0.29475003480911255,5.270670590107329e-05,0.8865408301353455,0.3090253174304962,0.00025395015836693347
rock,gjdBDXv7avQwgTr3.png,0.0,0.0,0.0,0.2540017366409302,0.46035608649253845,0.00016298821719828993,0.9884370565414429,0.7211226224899292,0.0002560469729360193,1.2509610652923584,0.6914331912994385,0.00030218384927138686,0.9751667976379395,0.4593313932418823,8.351359429070726e-05,1.237580418586731,0.45786023139953613,0.00015383416030090302,1.074414849281311,0.4809630513191223,0.00017108532483689487,0.9217405319213867,0.4857400357723236,0.00018509727669879794,0.985303521156311,0.17081286013126373,1.3177053915569559e-05,1.1841611862182617,0.23056864738464355,0.0002456956135574728,1.0482007265090942,0.26496973633766174,0.00031475446303375065,0.9057409167289734,0.26220279932022095,0.00028254956123419106,0.9262000322341919,-0.08719754964113235,-1.7052805560524575e-05,1.0690497159957886,0.008692477829754353,0.0002480814582668245,0.9574179649353027,0.04767896234989166,0.000395540235331282,0.8245331048965454,0.043562255799770355,0.00039325011312030256,0.8372557163238525,-0.30642855167388916,-3.54916846845299e-05,0.9452398419380188,-0.19610381126403809,0.00021189595281612128,0.8409274816513062,-0.1622101068496704,0.0004377709119580686,0.7295486330986023,-0.16249243915081024,0.0005710385739803314
rock,GksMLm2b4t6sUYzY.png,0.0,0.0,0.0,0.146734356880188,0.5768601894378662,-0.0002898733946494758,0.9931847453117371,0.9018129110336304,-0.0006051015807315707,1.2141046524047852,0.6895003318786621,-0.0006548186065629125,0.8739639520645142,0.6457533836364746,-0.0009016440017148852,1.3357399702072144,0.7176347374916077,-0.0012342012487351894,1.1420137882232666,0.7334908246994019,-0.0013580626109614968,0.9325488805770874,0.7261762619018555,-0.0013683256693184376,0.9713138937950134,0.2377997189760208,-0.000821767607703805,1.3020950555801392,0.4269581139087677,-0.0008915766375139356,1.1489182710647583,0.46204811334609985,-0.0008077157544903457,0.9888955354690552,0.4227658212184906,-0.0007865730440244079,1.0162334442138672,-0.08940218389034271,-0.000718261580914259,1.2407439947128296,0.13109248876571655,-0.0006562481867149472,1.1030176877975464,0.1725391000509262,-0.00043751258635893464,0.9599385261535645,0.13514864444732666,-0.00035685746115632355,1.0223878622055054,-0.33999717235565186,-0.0006340096588246524,1.2073484659194946,-0.08923108130693436,-0.0005035370122641325,1.0714616775512695,-0.055790044367313385,-0.00023701302416156977,0.9525955319404602,-0.10386926680803299,-6.052683966117911e-05
rock,glL1mPYeHM552bV4.png,0.0,0.0,0.0,0.3073769807815552,0.4538027346134186,9.990717080654576e-05,1.1409997940063477,0.651557445526123,0.00013619479432236403,1.297368049621582,0.46244722604751587,0.00014427327550947666,1.0376160144805908,0.3342764973640442,-4.2535677494015545e-05,1.2908397912979126,0.26832813024520874,-2.443938865326345e-05,1.1361452341079712,0.29179221391677856,-9.02972969925031e-05,0.9958999156951904,0.3266562223434448,-0.00015907970373518765,0.9996573328971863,0.026173418387770653,-0.00012898795830551535,1.1924782991409302,0.02478778548538685,5.805531327496283e-05,1.0621408224105835,0.07437120378017426,9.635697642806917e-05,0.9299647808074951,0.09507130086421967,2.3117583623388782e-05,0.9079153537750244,-0.23370589315891266,-0.00017634645337238908,1.0451384782791138,-0.18602688610553741,1.760208760970272e-05,0.9459144473075867,-0.12897621095180511,0.0001263055601157248,0.8195763230323792,-0.1153891384601593,9.812448115553707e-05,0.7919009923934937,-0.4413994252681732,-0.00021482384181581438,0.9233738780021667,-0.36076825857162476,-9.187968316837214e-06,0.8283127546310425,-0.316089391708374,0.00021363081759773195,0.7147923111915588,-0.309940367937088,0.0003314748464617878
rock,glu_235.png,0.0,0.0,0.0,0.28848186135292053,0.13627198338508606,-0.000611172872595489,1.1310696601867676,0.04724551737308502,-0.0009568676468916237,1.156743049621582,-0.2511370778083801,-0.000991877750493586,1.013073444366455,-0.23754768073558807,-0.00021723132522311062,1.1934202909469604,-0.2955537438392639,-0.0008416230557486415,0.8979805707931519,-0.13422727584838867,-0.0010607002768665552,0.7576708197593689,-0.1408333033323288,-0.001096192980185151,0.8690817952156067,-0.4946683347225189,-0.00016699061961844563,1.0495014190673828,-0.5413708686828613,-0.0008499213727191091,0.6947959661483765,-0.2714154124259949,-0.0009122560149990022,0.5969375371932983,-0.2737712860107422,-0.0007692390936426818,0.6447111368179321,-0.6845070123672485,-0.00023029340081848204,0.8199893236160278,-0.7655858397483826,-0.0009764018468558788,0.52277010679245,-0.46222996711730957,-0.0006162778008729219,0.43189483880996704,-0.4442976117134094,-0.00018784978601615876,0.35082343220710754,-0.8638669848442078,-0.00032810764969326556,0.5039449334144592,-0.8977272510528564,-0.0007545836851932108,0.3327189087867737,-0.6442992687225342,-0.0003932533727493137,0.2743477523326874,-0.6036862730979919,-1.925845481309807e-06
rock,glu_236.png,0.0,0.0,0.0,0.3867969810962677,0.1531422883272171,-0.0004593395860865712,1.19767427444458,0.08309076726436615,-0.0008000028319656849,1.2711390256881714,-0.17380233108997345,-0.0008491799235343933,1.0458579063415527,-0.2205275148153305,-5.7046265283133835e-05,1.3089179992675781,-0.2688065767288208,-0.0006129402318038046,1.0093494653701782,-0.09168193489313126,-0.0008676314610056579,0.8966732025146484,-0.12614311277866364,-0.0009761663968674839,0.9036620259284973,-0.42824622988700867,-6.231053703231737e-05,1.1461632251739502,-0.46589192748069763,-0.0006239658687263727,0.8185620307922363,-0.21410350501537323,-0.0007304784958250821,0.7670933604240417,-0.28333866596221924,-0.0006978376768529415,0.7146139740943909,-0.5953744649887085,-0.0001680735731497407,0.9497913718223572,-0.6605920791625977,-0.0008005840354599059,0.6723485589027405,-0.3908945322036743,-0.0005320896743796766,0.5973098874092102,-0.42995500564575195,-0.00022344694298226386,0.49175429344177246,-0.7776041626930237,-0.0003031360392924398,0.6878257989883423,-0.7866620421409607,-0.0006234688917174935,0.5310823321342468,-0.5726711750030518,-0.00029553548665717244,0.4488964378833771,-0.5705324411392212,2.254940045531839e-05
rock,glu_237.png,0.0,0.0,0.0,0.4023537337779999,0.031200770288705826,0.00013571603631135076,0.8238658905029297,-0.09167572855949402,-0.0003054009866900742,1.012027621269226,-0.17955970764160156,-0.0005074458895251155,0.7186657786369324,-0.6669155955314636,0.0002955508534796536,1.0084443092346191,-0.3917333483695984,-0.0002379441721132025,0.8219003677368164,-0.20791305601596832,-0.0005087285535410047,0.6766031384468079,-0.21631357073783875,-0.0006427919724956155,0.6371763348579407,-0.7707180380821228,-9.24323103390634e-05,0.9824995994567871,-0.428769052028656,-0.0006264350959099829,0.7482990622520447,-0.20018495619297028,-0.0007074607419781387,0.6158323287963867,-0.2432306408882141,-0.0006527735386043787,0.5261909365653992,-0.7933489084243774,-0.0005411361926235259,0.8435767889022827,-0.443398654460907,-0.0010717683471739292,0.603638231754303,-0.21843072772026062,-0.0008688044617883861,0.4607393145561218,-0.2868562638759613,-0.0006241445662453771,0.3886256814002991,-0.7488450407981873,-0.0009895989205688238,0.6357656717300415,-0.4691333770751953,-0.0012722089886665344,0.48669111728668213,-0.2968197166919708,-0.0010554081527516246,0.3613497018814087,-0.3521130383014679,-0.0008267486118711531
rock,glu_238.png,0.0,0.0,0.0,0.3858558237552643,-0.055462051182985306,-6.672189920209348e-05,0.9903654456138611,-0.16303227841854095,-0.0007642683340236545,1.2176594734191895,-0.12509697675704956,-0.0010650046169757843,0.7393501400947571,-0.7834280133247375,-0.0005675271386280656,1.2335498332977295,-0.3196304142475128,-0.0010498439660295844,1.0862338542938232,-0.17825816571712494,-0.0012954360572621226,0.9184610247612,-0.20280791819095612,-0.0014818542404100299,0.6596617102622986,-0.751562237739563,-0.0008344611851498485,1.1641277074813843,-0.21010956168174744,-0.0011603264138102531,0.9823059439659119,-0.1001306027173996,-0.0011106902966275811,0.8340149521827698,-0.14696355164051056,-0.0011510559124872088,0.57049560546875,-0.6038432717323303,-0.0011164338793605566,1.0450942516326904,-0.09911651164293289,-0.0013245157897472382,0.8613393306732178,-0.0005847666179761291,-0.0010916513856500387,0.6915029883384705,-0.03996407240629196,-0.0010201423428952694,0.4850085973739624,-0.3990122973918915,-0.0014354618033394217,0.8243630528450012,0.0017173958476632833,-0.0015721266390755773,0.6992200613021851,0.11042465269565582,-0.0014531908091157675,0.5589482188224792,0.07931596785783768,-0.001409811433404684
rock,glu_239.png,0.0,0.0,0.0,0.23478469252586365,-0.3659489154815674,0.0002687899977900088,0.8788066506385803,-0.5960524678230286,-0.00022086202807258815,1.0579140186309814,-0.486278235912323,-0.0004481278301682323,0.726169764995575,-0.9017360806465149,-0.0005977802211418748,1.246581792831421,-0.6507656574249268,-0.0008770914282649755,1.1457252502441406,-0.4873791038990021,-0.0008848397992551327,0.9881772994995117,-0.4795565605163574,-0.0008819141658023,0.7179778814315796,-0.6960652470588684,-0.0009738110820762813,1.2693287134170532,-0.40043139457702637,-0.0010977479396387935,1.1453248262405396,-0.2492217868566513,-0.0008876628126017749,0.9881898760795593,-0.24858103692531586,-0.0008014829363673925,0.7089830040931702,-0.4214268922805786,-0.0012973685516044497,1.2309383153915405,-0.1475803256034851,-0.0013112917076796293,1.0837904214859009,-0.024795232340693474,-0.0009431065409444273,0.9153116345405579,-0.03349945321679115,-0.0007740798173472285,0.6892579197883606,-0.11958549916744232,-0.0016104471869766712,1.1071261167526245,0.08041400462388992,-0.001461047912016511,0.9636217951774597,0.1526719480752945,-0.001112486352212727,0.8081996440887451,0.1251314878463745,-0.0009262794628739357
rock,glu_240.png,0.0,0.0,0.0,0.23237991333007812,-0.3942776024341583,0.0002793671446852386,0.8692122101783752,-0.6234797239303589,9.945549390977249e-05,1.0367274284362793,-0.5210279226303101,1.4986329006205779e-05,0.9019291400909424,-0.6660228371620178,-0.0003238456847611815,1.309428095817566,-0.5132563710212708,-0.0004162946715950966,1.2078704833984375,-0.44368356466293335,-0.00034775229869410396,1.0507957935333252,-0.47433027625083923,-0.00028742142603732646,0.9285262823104858,-0.3712661862373352,-0.0006092389812693,1.2961443662643433,-0.24134908616542816,-0.0005158232524991035,1.1718287467956543,-0.19972969591617584,-0.0003133753780275583,1.015007495880127,-0.21333658695220947,-0.00023830795544199646,0.9107089042663574,-0.05866771563887596,-0.0008361888467334211,1.242232322692871,0.018810084089636803,-0.0007206592126749456,1.1065948009490967,0.037105709314346313,-0.00040968714165501297,0.9387392401695251,0.02254328690469265,-0.0002749148989096284,0.8440030217170715,0.236102893948555,-0.001036525354720652,1.099041223526001,0.2320762425661087,-0.0008501461707055569,0.9635725021362305,0.23442597687244415,-0.0004890903364866972,0.8169377446174622,0.22925010323524475,-0.00025968108093366027
rock,glu_241.png,0.0,0.0,0.0,0.2486838549375534,-0.3816419839859009,0.00027069656061939895,0.9074117541313171,-0.5305295586585999,4.377063669380732e-05,1.0703879594802856,-0.3761618137359619,-4.7184323193505406e-05,0.8583027720451355,-0.7380134463310242,-0.00035827726242132485,1.2616397142410278,-0.4830368459224701,-0.00044491051812656224,1.1410911083221436,-0.36681434512138367,-0.00034624701947905123,0.9879511594772339,-0.3806208372116089,-0.00026756367878988385,0.868338942527771,-0.4959709644317627,-0.0006334490608423948,1.2356116771697998,-0.22238193452358246,-0.0005502743879333138,1.095790982246399,-0.12407931685447693,-0.0003348756581544876,0.9516971707344055,-0.1354200541973114,-0.0002495102526154369,0.8411378860473633,-0.20499122142791748,-0.0008506484446115792,1.1814907789230347,0.00779687101021409,-0.0007712017395533621,1.0404036045074463,0.09597048163414001,-0.0004921426298096776,0.8818258047103882,0.09972603619098663,-0.0003690397134050727,0.7833585143089294,0.08133334666490555,-0.001042367541231215,1.1002777814865112,0.22916710376739502,-0.0009482747409492731,0.9907311201095581,0.3259814977645874,-0.0006645832909271121,0.8649991154670715,0.36857736110687256,-0.00047323008766397834
rock,glu_242.png,0.0,0.0,0.0,0.19052116572856903,-0.5341358780860901,7.21356991562061e-06,1.0472776889801025,-1.1750080585479736,-0.0004203149874228984,1.3509927988052368,-1.2172304391860962,-0.000534297781996429,0.8063383102416992,-0.8579018115997314,-0.0010663714492693543,1.4752438068389893,-0.9005259871482849,-0.001452663796953857,1.3216114044189453,-0.8624243140220642,-0.00145815871655941,1.0787025690078735,-0.8190298080444336,-0.0013709267368540168,0.8884052038192749,-0.4590585231781006,-0.001226165797561407,1.5200458765029907,-0.5642065405845642,-0.001296847709454596,1.3488441705703735,-0.5669112205505371,-0.0009694231557659805,1.127684235572815,-0.5203722715377808,-0.0007949107675813138,0.9485220909118652,-0.08105968683958054,-0.0013284782180562615,1.5105844736099243,-0.23350517451763153,-0.0013082518707960844,1.3333687782287598,-0.23572763800621033,-0.0007926516700536013,1.1114424467086792,-0.18330375850200653,-0.0005170134245418012,0.9704789519309998,0.2519848644733429,-0.001417619874700904,1.4065903425216675,0.07618553191423416,-0.0013043918879702687,1.2441085577011108,0.07656092941761017,-0.0008450079476460814,1.0590693950653076,0.1389015167951584,-0.0005450786557048559
